<application>
  <component name="ReadingProgressDao">
    <option name="searchType" value="笔趣阁" />
    <option name="nowChapterIndex" value="6" />
    <option name="chapters">
      <list>
        <Chapter>
          <option name="link" value="https://www.gyzxzm.com/213281/96874306.html" />
          <option name="name" value="第76章 师娘们好" />
        </Chapter>
        <Chapter>
          <option name="link" value="https://www.gyzxzm.com/213281/96874185.html" />
          <option name="name" value="第75章 亚波人又死了" />
        </Chapter>
        <Chapter>
          <option name="link" value="https://www.gyzxzm.com/213281/96702145.html" />
          <option name="name" value="第74章 艾斯杀手" />
        </Chapter>
        <Chapter>
          <option name="link" value="https://www.gyzxzm.com/213281/96702143.html" />
          <option name="name" value="第73章 超兽军团" />
        </Chapter>
        <Chapter>
          <option name="link" value="https://www.gyzxzm.com/213281/96562838.html" />
          <option name="name" value="第72章 亚波人复活" />
        </Chapter>
        <Chapter>
          <option name="link" value="https://www.gyzxzm.com/213281/96562836.html" />
          <option name="name" value="第71章 光之国的家" />
        </Chapter>
        <Chapter>
          <option name="link" value="https://www.gyzxzm.com/213281/96562833.html" />
          <option name="name" value="第70章 特训中" />
        </Chapter>
        <Chapter>
          <option name="link" value="https://www.gyzxzm.com/213281/96562831.html" />
          <option name="name" value="第69章 借力量" />
        </Chapter>
        <Chapter>
          <option name="link" value="https://www.gyzxzm.com/213281/96213610.html" />
          <option name="name" value="第68章 青涩的果实" />
        </Chapter>
        <Chapter>
          <option name="link" value="https://www.gyzxzm.com/213281/96213608.html" />
          <option name="name" value="第67章 金龙与银龙" />
        </Chapter>
        <Chapter>
          <option name="link" value="https://www.gyzxzm.com/213281/96103704.html" />
          <option name="name" value="第66章 才库因" />
        </Chapter>
        <Chapter>
          <option name="link" value="https://www.gyzxzm.com/213281/96103703.html" />
          <option name="name" value="第65章 划水的战斗" />
        </Chapter>
        <Chapter>
          <option name="link" value="https://www.gyzxzm.com/213281/94904696.html" />
          <option name="name" value="第40章 全是我的" />
        </Chapter>
        <Chapter>
          <option name="link" value="https://www.gyzxzm.com/213281/94904698.html" />
          <option name="name" value="第39章 路哥甄选" />
        </Chapter>
        <Chapter>
          <option name="link" value="https://www.gyzxzm.com/213281/94904700.html" />
          <option name="name" value="第38章 结界开" />
        </Chapter>
        <Chapter>
          <option name="link" value="https://www.gyzxzm.com/213281/94904702.html" />
          <option name="name" value="第37章 最强的银河" />
        </Chapter>
        <Chapter>
          <option name="link" value="https://www.gyzxzm.com/213281/94904704.html" />
          <option name="name" value="第36章 拯救美玲" />
        </Chapter>
        <Chapter>
          <option name="link" value="https://www.gyzxzm.com/213281/94904706.html" />
          <option name="name" value="第35章 古兰特王" />
        </Chapter>
        <Chapter>
          <option name="link" value="https://www.gyzxzm.com/213281/94904708.html" />
          <option name="name" value="第34章 美玲丢了" />
        </Chapter>
        <Chapter>
          <option name="link" value="https://www.gyzxzm.com/213281/94904709.html" />
          <option name="name" value="第33章 钓鱼去！" />
        </Chapter>
        <Chapter>
          <option name="link" value="https://www.gyzxzm.com/213281/94904711.html" />
          <option name="name" value="第32章 漆黑的奥特兄弟" />
        </Chapter>
        <Chapter>
          <option name="link" value="https://www.gyzxzm.com/213281/94904713.html" />
          <option name="name" value="第31章 被偷走" />
        </Chapter>
        <Chapter>
          <option name="link" value="https://www.gyzxzm.com/213281/94904714.html" />
          <option name="name" value="第30章 梦想与迷茫" />
        </Chapter>
        <Chapter>
          <option name="link" value="https://www.gyzxzm.com/213281/94904716.html" />
          <option name="name" value="第29章 美玲的爹" />
        </Chapter>
        <Chapter>
          <option name="link" value="https://www.gyzxzm.com/213281/94904718.html" />
          <option name="name" value="第1章 火星的神秘来客" />
        </Chapter>
        <Chapter>
          <option name="link" value="https://www.gyzxzm.com/213281/94904719.html" />
          <option name="name" value="第2章 山洞里的装置" />
        </Chapter>
        <Chapter>
          <option name="link" value="https://www.gyzxzm.com/213281/94904721.html" />
          <option name="name" value="第3章 飞鸟" />
        </Chapter>
        <Chapter>
          <option name="link" value="https://www.gyzxzm.com/213281/94904724.html" />
          <option name="name" value="第4章 奇迹再现" />
        </Chapter>
        <Chapter>
          <option name="link" value="https://www.gyzxzm.com/213281/94904726.html" />
          <option name="name" value="第5章 化成光" />
        </Chapter>
        <Chapter>
          <option name="link" value="https://www.gyzxzm.com/213281/94904729.html" />
          <option name="name" value="第6章 战戴拿" />
        </Chapter>
        <Chapter>
          <option name="link" value="https://www.gyzxzm.com/213281/94904731.html" />
          <option name="name" value="第7章 塔艾斯特" />
        </Chapter>
        <Chapter>
          <option name="link" value="https://www.gyzxzm.com/213281/94904732.html" />
          <option name="name" value="第8章 小光" />
        </Chapter>
        <Chapter>
          <option name="link" value="https://www.gyzxzm.com/213281/94904734.html" />
          <option name="name" value="第9章 还能变身么" />
        </Chapter>
        <Chapter>
          <option name="link" value="https://www.gyzxzm.com/213281/94904736.html" />
          <option name="name" value="第10章 飞鸟醒来" />
        </Chapter>
        <Chapter>
          <option name="link" value="https://www.gyzxzm.com/213281/94904737.html" />
          <option name="name" value="第11章 战迪迦" />
        </Chapter>
        <Chapter>
          <option name="link" value="https://www.gyzxzm.com/213281/94904739.html" />
          <option name="name" value="第12章 黑暗降临" />
        </Chapter>
        <Chapter>
          <option name="link" value="https://www.gyzxzm.com/213281/94904741.html" />
          <option name="name" value="第13章 塔塔出现" />
        </Chapter>
        <Chapter>
          <option name="link" value="https://www.gyzxzm.com/213281/94904743.html" />
          <option name="name" value="第14章 相亲相爱" />
        </Chapter>
        <Chapter>
          <option name="link" value="https://www.gyzxzm.com/213281/94904745.html" />
          <option name="name" value="第15章 变化球" />
        </Chapter>
        <Chapter>
          <option name="link" value="https://www.gyzxzm.com/213281/94904746.html" />
          <option name="name" value="第16章 冲破黑暗" />
        </Chapter>
        <Chapter>
          <option name="link" value="https://www.gyzxzm.com/213281/94904748.html" />
          <option name="name" value="第17章 新的宇宙" />
        </Chapter>
        <Chapter>
          <option name="link" value="https://www.gyzxzm.com/213281/94904751.html" />
          <option name="name" value="第18章 自来熟的小女孩" />
        </Chapter>
        <Chapter>
          <option name="link" value="https://www.gyzxzm.com/213281/94904753.html" />
          <option name="name" value="第19章 善良的代价" />
        </Chapter>
        <Chapter>
          <option name="link" value="https://www.gyzxzm.com/213281/94904754.html" />
          <option name="name" value="第20章 释放怪兽" />
        </Chapter>
        <Chapter>
          <option name="link" value="https://www.gyzxzm.com/213281/94904756.html" />
          <option name="name" value="第21章 遇到打劫的" />
        </Chapter>
        <Chapter>
          <option name="link" value="https://www.gyzxzm.com/213281/94904758.html" />
          <option name="name" value="第22章 返回地球" />
        </Chapter>
        <Chapter>
          <option name="link" value="https://www.gyzxzm.com/213281/94904760.html" />
          <option name="name" value="第23章 奥特曼出现" />
        </Chapter>
        <Chapter>
          <option name="link" value="https://www.gyzxzm.com/213281/94904761.html" />
          <option name="name" value="第24章 金古桥" />
        </Chapter>
        <Chapter>
          <option name="link" value="https://www.gyzxzm.com/213281/94904763.html" />
          <option name="name" value="第25章 去找工作" />
        </Chapter>
        <Chapter>
          <option name="link" value="https://www.gyzxzm.com/213281/94904765.html" />
          <option name="name" value="第26章 叶腐" />
        </Chapter>
        <Chapter>
          <option name="link" value="https://www.gyzxzm.com/213281/94904767.html" />
          <option name="name" value="第27章 陨石" />
        </Chapter>
        <Chapter>
          <option name="link" value="https://www.gyzxzm.com/213281/94904768.html" />
          <option name="name" value="第28章 失忆事件" />
        </Chapter>
        <Chapter>
          <option name="link" value="https://www.gyzxzm.com/213281/94904770.html" />
          <option name="name" value="第29章 一场闹剧" />
        </Chapter>
        <Chapter>
          <option name="link" value="https://www.gyzxzm.com/213281/94904772.html" />
          <option name="name" value="第30章 冰美人" />
        </Chapter>
        <Chapter>
          <option name="link" value="https://www.gyzxzm.com/213281/94904773.html" />
          <option name="name" value="第31章 邻家小妹" />
        </Chapter>
        <Chapter>
          <option name="link" value="https://www.gyzxzm.com/213281/94904775.html" />
          <option name="name" value="第32章 艾拉加" />
        </Chapter>
        <Chapter>
          <option name="link" value="https://www.gyzxzm.com/213281/94904777.html" />
          <option name="name" value="第33章 木庭的决意" />
        </Chapter>
        <Chapter>
          <option name="link" value="https://www.gyzxzm.com/213281/94904779.html" />
          <option name="name" value="第34章 报告书" />
        </Chapter>
        <Chapter>
          <option name="link" value="https://www.gyzxzm.com/213281/94904780.html" />
          <option name="name" value="第35章 两个太阳" />
        </Chapter>
        <Chapter>
          <option name="link" value="https://www.gyzxzm.com/213281/94904782.html" />
          <option name="name" value="第36章 夏玛星人" />
        </Chapter>
        <Chapter>
          <option name="link" value="https://www.gyzxzm.com/213281/94904784.html" />
          <option name="name" value="第37章 逗比星人" />
        </Chapter>
        <Chapter>
          <option name="link" value="https://www.gyzxzm.com/213281/94904786.html" />
          <option name="name" value="第38章 黄瓜茄子" />
        </Chapter>
        <Chapter>
          <option name="link" value="https://www.gyzxzm.com/213281/94904787.html" />
          <option name="name" value="第39章 祭典" />
        </Chapter>
        <Chapter>
          <option name="link" value="https://www.gyzxzm.com/213281/94904789.html" />
          <option name="name" value="第40章 梦游" />
        </Chapter>
        <Chapter>
          <option name="link" value="https://www.gyzxzm.com/213281/94904791.html" />
          <option name="name" value="第41章 变小了" />
        </Chapter>
        <Chapter>
          <option name="link" value="https://www.gyzxzm.com/213281/94904792.html" />
          <option name="name" value="第42章 送行" />
        </Chapter>
        <Chapter>
          <option name="link" value="https://www.gyzxzm.com/213281/94904795.html" />
          <option name="name" value="第43章 青铜大门" />
        </Chapter>
        <Chapter>
          <option name="link" value="https://www.gyzxzm.com/213281/94904796.html" />
          <option name="name" value="第44章 塔拉星球" />
        </Chapter>
        <Chapter>
          <option name="link" value="https://www.gyzxzm.com/213281/94904798.html" />
          <option name="name" value="第45章 战神" />
        </Chapter>
        <Chapter>
          <option name="link" value="https://www.gyzxzm.com/213281/94904800.html" />
          <option name="name" value="第46章 二打一" />
        </Chapter>
        <Chapter>
          <option name="link" value="https://www.gyzxzm.com/213281/94904801.html" />
          <option name="name" value="第47章 截拳道" />
        </Chapter>
        <Chapter>
          <option name="link" value="https://www.gyzxzm.com/213281/94904803.html" />
          <option name="name" value="第48章 库劳德斯" />
        </Chapter>
        <Chapter>
          <option name="link" value="https://www.gyzxzm.com/213281/94904805.html" />
          <option name="name" value="第49章 睡眠大作战" />
        </Chapter>
        <Chapter>
          <option name="link" value="https://www.gyzxzm.com/213281/94904807.html" />
          <option name="name" value="第50章 鼻子与耳朵" />
        </Chapter>
        <Chapter>
          <option name="link" value="https://www.gyzxzm.com/213281/94904808.html" />
          <option name="name" value="第51章 异空间通道开" />
        </Chapter>
        <Chapter>
          <option name="link" value="https://www.gyzxzm.com/213281/94904810.html" />
          <option name="name" value="第52章 珍兽" />
        </Chapter>
        <Chapter>
          <option name="link" value="https://www.gyzxzm.com/213281/94904812.html" />
          <option name="name" value="第53章 哥莫拉" />
        </Chapter>
        <Chapter>
          <option name="link" value="https://www.gyzxzm.com/213281/94904814.html" />
          <option name="name" value="第54章 地下见闻" />
        </Chapter>
        <Chapter>
          <option name="link" value="https://www.gyzxzm.com/213281/94904815.html" />
          <option name="name" value="第55章 战哥莫拉" />
        </Chapter>
        <Chapter>
          <option name="link" value="https://www.gyzxzm.com/213281/94904819.html" />
          <option name="name" value="第56章 宇宙中的对决" />
        </Chapter>
        <Chapter>
          <option name="link" value="https://www.gyzxzm.com/213281/94904820.html" />
          <option name="name" value="第57章 浮莱古拉" />
        </Chapter>
        <Chapter>
          <option name="link" value="https://www.gyzxzm.com/213281/94904822.html" />
          <option name="name" value="第58章 DASH3号" />
        </Chapter>
        <Chapter>
          <option name="link" value="https://www.gyzxzm.com/213281/94904824.html" />
          <option name="name" value="第59章 失去理智" />
        </Chapter>
        <Chapter>
          <option name="link" value="https://www.gyzxzm.com/213281/94904826.html" />
          <option name="name" value="第60章 路上斗殴" />
        </Chapter>
        <Chapter>
          <option name="link" value="https://www.gyzxzm.com/213281/94904828.html" />
          <option name="name" value="第61章 美特隆星人" />
        </Chapter>
        <Chapter>
          <option name="link" value="https://www.gyzxzm.com/213281/94904829.html" />
          <option name="name" value="第62章 特殊的电波" />
        </Chapter>
        <Chapter>
          <option name="link" value="https://www.gyzxzm.com/213281/94904831.html" />
          <option name="name" value="第63章 不再被狙击" />
        </Chapter>
        <Chapter>
          <option name="link" value="https://www.gyzxzm.com/213281/94904833.html" />
          <option name="name" value="第64章 准备离开" />
        </Chapter>
        <Chapter>
          <option name="link" value="https://www.gyzxzm.com/213281/94904835.html" />
          <option name="name" value="第65章 可夫" />
        </Chapter>
        <Chapter>
          <option name="link" value="https://www.gyzxzm.com/213281/94904837.html" />
          <option name="name" value="第66章 人类的敌意" />
        </Chapter>
        <Chapter>
          <option name="link" value="https://www.gyzxzm.com/213281/94904839.html" />
          <option name="name" value="第67章 小高" />
        </Chapter>
        <Chapter>
          <option name="link" value="https://www.gyzxzm.com/213281/94904840.html" />
          <option name="name" value="第68章 惊喜" />
        </Chapter>
        <Chapter>
          <option name="link" value="https://www.gyzxzm.com/213281/94904842.html" />
          <option name="name" value="第69章 秋叶原之旅" />
        </Chapter>
        <Chapter>
          <option name="link" value="https://www.gyzxzm.com/213281/94904844.html" />
          <option name="name" value="第70章 早田" />
        </Chapter>
        <Chapter>
          <option name="link" value="https://www.gyzxzm.com/213281/94904845.html" />
          <option name="name" value="第71章 博伽茹" />
        </Chapter>
        <Chapter>
          <option name="link" value="https://www.gyzxzm.com/213281/94904847.html" />
          <option name="name" value="第72章 光之国" />
        </Chapter>
        <Chapter>
          <option name="link" value="https://www.gyzxzm.com/213281/94904849.html" />
          <option name="name" value="第73章 参观光之国" />
        </Chapter>
        <Chapter>
          <option name="link" value="https://www.gyzxzm.com/213281/94904851.html" />
          <option name="name" value="第74章 参观光之国2" />
        </Chapter>
        <Chapter>
          <option name="link" value="https://www.gyzxzm.com/213281/94904853.html" />
          <option name="name" value="第75章 希卡利醒来" />
        </Chapter>
        <Chapter>
          <option name="link" value="https://www.gyzxzm.com/213281/94904855.html" />
          <option name="name" value="第76章 勇气护腕" />
        </Chapter>
        <Chapter>
          <option name="link" value="https://www.gyzxzm.com/213281/94904856.html" />
          <option name="name" value="第77章 迟到的外卖" />
        </Chapter>
        <Chapter>
          <option name="link" value="https://www.gyzxzm.com/213281/94904859.html" />
          <option name="name" value="第78章 偶遇未来" />
        </Chapter>
        <Chapter>
          <option name="link" value="https://www.gyzxzm.com/213281/94904861.html" />
          <option name="name" value="第79章 live" />
        </Chapter>
        <Chapter>
          <option name="link" value="https://www.gyzxzm.com/213281/94904862.html" />
          <option name="name" value="第80章 加入GUYS" />
        </Chapter>
        <Chapter>
          <option name="link" value="https://www.gyzxzm.com/213281/94904865.html" />
          <option name="name" value="第81章 重要任务" />
        </Chapter>
        <Chapter>
          <option name="link" value="https://www.gyzxzm.com/213281/94904866.html" />
          <option name="name" value="第82章 出意外" />
        </Chapter>
        <Chapter>
          <option name="link" value="https://www.gyzxzm.com/213281/94904868.html" />
          <option name="name" value="第83章 寻找胶囊" />
        </Chapter>
        <Chapter>
          <option name="link" value="https://www.gyzxzm.com/213281/94904870.html" />
          <option name="name" value="第84章 状况百出" />
        </Chapter>
        <Chapter>
          <option name="link" value="https://www.gyzxzm.com/213281/94904871.html" />
          <option name="name" value="第85章 亮个相" />
        </Chapter>
        <Chapter>
          <option name="link" value="https://www.gyzxzm.com/213281/94904873.html" />
          <option name="name" value="第86章 骑行" />
        </Chapter>
        <Chapter>
          <option name="link" value="https://www.gyzxzm.com/213281/94904875.html" />
          <option name="name" value="第87章 旧友" />
        </Chapter>
        <Chapter>
          <option name="link" value="https://www.gyzxzm.com/213281/94904876.html" />
          <option name="name" value="第88章 姆卡旦达" />
        </Chapter>
        <Chapter>
          <option name="link" value="https://www.gyzxzm.com/213281/94904878.html" />
          <option name="name" value="第89章 一路奔逃" />
        </Chapter>
        <Chapter>
          <option name="link" value="https://www.gyzxzm.com/213281/94904880.html" />
          <option name="name" value="第90章 风之真理奈" />
        </Chapter>
        <Chapter>
          <option name="link" value="https://www.gyzxzm.com/213281/94904882.html" />
          <option name="name" value="第91章 因塞克塔斯" />
        </Chapter>
        <Chapter>
          <option name="link" value="https://www.gyzxzm.com/213281/94904884.html" />
          <option name="name" value="第92章 母亲到来" />
        </Chapter>
        <Chapter>
          <option name="link" value="https://www.gyzxzm.com/213281/94904886.html" />
          <option name="name" value="第93章 幼虫" />
        </Chapter>
        <Chapter>
          <option name="link" value="https://www.gyzxzm.com/213281/94904888.html" />
          <option name="name" value="第94章 富二代哲平" />
        </Chapter>
        <Chapter>
          <option name="link" value="https://www.gyzxzm.com/213281/94904889.html" />
          <option name="name" value="第95章 快速长大" />
        </Chapter>
        <Chapter>
          <option name="link" value="https://www.gyzxzm.com/213281/94904891.html" />
          <option name="name" value="第96章 母亲的理解" />
        </Chapter>
        <Chapter>
          <option name="link" value="https://www.gyzxzm.com/213281/94904892.html" />
          <option name="name" value="第97章 梵顿星人" />
        </Chapter>
        <Chapter>
          <option name="link" value="https://www.gyzxzm.com/213281/94904894.html" />
          <option name="name" value="第98章 忽悠老鸟" />
        </Chapter>
        <Chapter>
          <option name="link" value="https://www.gyzxzm.com/213281/94904896.html" />
          <option name="name" value="第99章 格茹麦特" />
        </Chapter>
        <Chapter>
          <option name="link" value="https://www.gyzxzm.com/213281/94904898.html" />
          <option name="name" value="第100章 技术的由来" />
        </Chapter>
        <Chapter>
          <option name="link" value="https://www.gyzxzm.com/213281/94904899.html" />
          <option name="name" value="第101章 格茹麦特再临" />
        </Chapter>
        <Chapter>
          <option name="link" value="https://www.gyzxzm.com/213281/94904901.html" />
          <option name="name" value="第102章 推进号" />
        </Chapter>
        <Chapter>
          <option name="link" value="https://www.gyzxzm.com/213281/94904903.html" />
          <option name="name" value="第103章 银河联邦" />
        </Chapter>
        <Chapter>
          <option name="link" value="https://www.gyzxzm.com/213281/94904905.html" />
          <option name="name" value="第104章 黑色的金古桥" />
        </Chapter>
        <Chapter>
          <option name="link" value="https://www.gyzxzm.com/213281/94904906.html" />
          <option name="name" value="第105章 葛雷的任务" />
        </Chapter>
        <Chapter>
          <option name="link" value="https://www.gyzxzm.com/213281/94904908.html" />
          <option name="name" value="第106章 来到目的地" />
        </Chapter>
        <Chapter>
          <option name="link" value="https://www.gyzxzm.com/213281/94904910.html" />
          <option name="name" value="第107章 全部销毁" />
        </Chapter>
        <Chapter>
          <option name="link" value="https://www.gyzxzm.com/213281/94904912.html" />
          <option name="name" value="第108章 大岛彗星" />
        </Chapter>
        <Chapter>
          <option name="link" value="https://www.gyzxzm.com/213281/94904913.html" />
          <option name="name" value="第109章 剑断" />
        </Chapter>
        <Chapter>
          <option name="link" value="https://www.gyzxzm.com/213281/94904915.html" />
          <option name="name" value="第110章 土特产" />
        </Chapter>
        <Chapter>
          <option name="link" value="https://www.gyzxzm.com/213281/94904919.html" />
          <option name="name" value="第111章 沙尔曼多拉" />
        </Chapter>
        <Chapter>
          <option name="link" value="https://www.gyzxzm.com/213281/94904921.html" />
          <option name="name" value="第112章 靠人类自己" />
        </Chapter>
        <Chapter>
          <option name="link" value="https://www.gyzxzm.com/213281/94904924.html" />
          <option name="name" value="第113章 希卡利离开" />
        </Chapter>
        <Chapter>
          <option name="link" value="https://www.gyzxzm.com/213281/94904926.html" />
          <option name="name" value="第114章 孙槿的秘密任务" />
        </Chapter>
        <Chapter>
          <option name="link" value="https://www.gyzxzm.com/213281/94904928.html" />
          <option name="name" value="第115章 嫖，，，" />
        </Chapter>
        <Chapter>
          <option name="link" value="https://www.gyzxzm.com/213281/94904930.html" />
          <option name="name" value="第116章 三哥防卫队" />
        </Chapter>
        <Chapter>
          <option name="link" value="https://www.gyzxzm.com/213281/94904932.html" />
          <option name="name" value="第117章 贝鸟降临" />
        </Chapter>
        <Chapter>
          <option name="link" value="https://www.gyzxzm.com/213281/94904934.html" />
          <option name="name" value="第118章 一起战斗" />
        </Chapter>
        <Chapter>
          <option name="link" value="https://www.gyzxzm.com/213281/94904935.html" />
          <option name="name" value="第119章 帝伽茹古" />
        </Chapter>
        <Chapter>
          <option name="link" value="https://www.gyzxzm.com/213281/94904937.html" />
          <option name="name" value="第120章 分歧" />
        </Chapter>
        <Chapter>
          <option name="link" value="https://www.gyzxzm.com/213281/94904939.html" />
          <option name="name" value="第121章 伙伴" />
        </Chapter>
        <Chapter>
          <option name="link" value="https://www.gyzxzm.com/213281/94904941.html" />
          <option name="name" value="第122章 海滩巡视" />
        </Chapter>
        <Chapter>
          <option name="link" value="https://www.gyzxzm.com/213281/94904943.html" />
          <option name="name" value="第123章 被训的老鸟" />
        </Chapter>
        <Chapter>
          <option name="link" value="https://www.gyzxzm.com/213281/94904945.html" />
          <option name="name" value="第124章 怪兽研究所" />
        </Chapter>
        <Chapter>
          <option name="link" value="https://www.gyzxzm.com/213281/94904947.html" />
          <option name="name" value="第125章 双怪兽" />
        </Chapter>
        <Chapter>
          <option name="link" value="https://www.gyzxzm.com/213281/94904949.html" />
          <option name="name" value="第126章 总监的表扬" />
        </Chapter>
        <Chapter>
          <option name="link" value="https://www.gyzxzm.com/213281/94904951.html" />
          <option name="name" value="第127章 去往神户" />
        </Chapter>
        <Chapter>
          <option name="link" value="https://www.gyzxzm.com/213281/94904953.html" />
          <option name="name" value="第128章 奥特签名" />
        </Chapter>
        <Chapter>
          <option name="link" value="https://www.gyzxzm.com/213281/94904954.html" />
          <option name="name" value="第129章 阴谋初显" />
        </Chapter>
        <Chapter>
          <option name="link" value="https://www.gyzxzm.com/213281/94904956.html" />
          <option name="name" value="第130章 奥特兄弟" />
        </Chapter>
        <Chapter>
          <option name="link" value="https://www.gyzxzm.com/213281/94904958.html" />
          <option name="name" value="第131章 奥比奥" />
        </Chapter>
        <Chapter>
          <option name="link" value="https://www.gyzxzm.com/213281/94904959.html" />
          <option name="name" value="第132章 中毒" />
        </Chapter>
        <Chapter>
          <option name="link" value="https://www.gyzxzm.com/213281/94904961.html" />
          <option name="name" value="第133章 战扎拉布" />
        </Chapter>
        <Chapter>
          <option name="link" value="https://www.gyzxzm.com/213281/94904962.html" />
          <option name="name" value="第134章 车轮战" />
        </Chapter>
        <Chapter>
          <option name="link" value="https://www.gyzxzm.com/213281/94904965.html" />
          <option name="name" value="第135章 破解封印" />
        </Chapter>
        <Chapter>
          <option name="link" value="https://www.gyzxzm.com/213281/94904967.html" />
          <option name="name" value="第136章 奥特兄弟被困" />
        </Chapter>
        <Chapter>
          <option name="link" value="https://www.gyzxzm.com/213281/94904969.html" />
          <option name="name" value="第137章 萨乌鲁斯" />
        </Chapter>
        <Chapter>
          <option name="link" value="https://www.gyzxzm.com/213281/94904970.html" />
          <option name="name" value="第138章 无限梦" />
        </Chapter>
        <Chapter>
          <option name="link" value="https://www.gyzxzm.com/213281/94904972.html" />
          <option name="name" value="第139章 登山者" />
        </Chapter>
        <Chapter>
          <option name="link" value="https://www.gyzxzm.com/213281/94904974.html" />
          <option name="name" value="第140章 高尾山行" />
        </Chapter>
        <Chapter>
          <option name="link" value="https://www.gyzxzm.com/213281/94904976.html" />
          <option name="name" value="第141章 布里布罗茨" />
        </Chapter>
        <Chapter>
          <option name="link" value="https://www.gyzxzm.com/213281/94904977.html" />
          <option name="name" value="第142章 教会" />
        </Chapter>
        <Chapter>
          <option name="link" value="https://www.gyzxzm.com/213281/94904979.html" />
          <option name="name" value="第143章 哑口无声" />
        </Chapter>
        <Chapter>
          <option name="link" value="https://www.gyzxzm.com/213281/94904981.html" />
          <option name="name" value="第144章 森林扩张" />
        </Chapter>
        <Chapter>
          <option name="link" value="https://www.gyzxzm.com/213281/94904983.html" />
          <option name="name" value="第145章 新卢克" />
        </Chapter>
        <Chapter>
          <option name="link" value="https://www.gyzxzm.com/213281/94904984.html" />
          <option name="name" value="第146章 偶遇藤宫" />
        </Chapter>
        <Chapter>
          <option name="link" value="https://www.gyzxzm.com/213281/94904986.html" />
          <option name="name" value="第147章 莫奇安" />
        </Chapter>
        <Chapter>
          <option name="link" value="https://www.gyzxzm.com/213281/94904987.html" />
          <option name="name" value="第148章 空中母舰毁" />
        </Chapter>
        <Chapter>
          <option name="link" value="https://www.gyzxzm.com/213281/94904989.html" />
          <option name="name" value="第149章 吃回扣" />
        </Chapter>
        <Chapter>
          <option name="link" value="https://www.gyzxzm.com/213281/94904991.html" />
          <option name="name" value="第150章 基普布" />
        </Chapter>
        <Chapter>
          <option name="link" value="https://www.gyzxzm.com/213281/94904992.html" />
          <option name="name" value="第151章 遵守诺言" />
        </Chapter>
        <Chapter>
          <option name="link" value="https://www.gyzxzm.com/213281/94904995.html" />
          <option name="name" value="第152章 虫子满天" />
        </Chapter>
        <Chapter>
          <option name="link" value="https://www.gyzxzm.com/213281/94904997.html" />
          <option name="name" value="第153章 不告而别" />
        </Chapter>
        <Chapter>
          <option name="link" value="https://www.gyzxzm.com/213281/94904999.html" />
          <option name="name" value="第154章 凯撒德比西" />
        </Chapter>
        <Chapter>
          <option name="link" value="https://www.gyzxzm.com/213281/94905001.html" />
          <option name="name" value="第155章 天使？" />
        </Chapter>
        <Chapter>
          <option name="link" value="https://www.gyzxzm.com/213281/94905003.html" />
          <option name="name" value="第156章 失去光" />
        </Chapter>
        <Chapter>
          <option name="link" value="https://www.gyzxzm.com/213281/94905005.html" />
          <option name="name" value="第157章 地球的未来" />
        </Chapter>
        <Chapter>
          <option name="link" value="https://www.gyzxzm.com/213281/94905006.html" />
          <option name="name" value="第158章 地球的怒吼" />
        </Chapter>
        <Chapter>
          <option name="link" value="https://www.gyzxzm.com/213281/94905009.html" />
          <option name="name" value="第159章 恢复通讯" />
        </Chapter>
        <Chapter>
          <option name="link" value="https://www.gyzxzm.com/213281/94905011.html" />
          <option name="name" value="第160章 决战前" />
        </Chapter>
        <Chapter>
          <option name="link" value="https://www.gyzxzm.com/213281/94905013.html" />
          <option name="name" value="第161章 再次变身" />
        </Chapter>
        <Chapter>
          <option name="link" value="https://www.gyzxzm.com/213281/94905015.html" />
          <option name="name" value="第162章 地球之光" />
        </Chapter>
        <Chapter>
          <option name="link" value="https://www.gyzxzm.com/213281/94905017.html" />
          <option name="name" value="第163章 误会咖啡厅" />
        </Chapter>
        <Chapter>
          <option name="link" value="https://www.gyzxzm.com/213281/94905019.html" />
          <option name="name" value="第164章 过往经历" />
        </Chapter>
        <Chapter>
          <option name="link" value="https://www.gyzxzm.com/213281/94905020.html" />
          <option name="name" value="第165章 葛洛卡降临" />
        </Chapter>
        <Chapter>
          <option name="link" value="https://www.gyzxzm.com/213281/94905022.html" />
          <option name="name" value="第166章 对决杰斯提斯" />
        </Chapter>
        <Chapter>
          <option name="link" value="https://www.gyzxzm.com/213281/94905025.html" />
          <option name="name" value="第167章 目的是" />
        </Chapter>
        <Chapter>
          <option name="link" value="https://www.gyzxzm.com/213281/94905026.html" />
          <option name="name" value="第168章 沟通" />
        </Chapter>
        <Chapter>
          <option name="link" value="https://www.gyzxzm.com/213281/94905028.html" />
          <option name="name" value="第169章 鬼火少年" />
        </Chapter>
        <Chapter>
          <option name="link" value="https://www.gyzxzm.com/213281/94905030.html" />
          <option name="name" value="第170章 愤怒的葛洛卡" />
        </Chapter>
        <Chapter>
          <option name="link" value="https://www.gyzxzm.com/213281/94905032.html" />
          <option name="name" value="第171章 守护缘由" />
        </Chapter>
        <Chapter>
          <option name="link" value="https://www.gyzxzm.com/213281/94905033.html" />
          <option name="name" value="第172章 思念的力量" />
        </Chapter>
        <Chapter>
          <option name="link" value="https://www.gyzxzm.com/213281/94905035.html" />
          <option name="name" value="第173章 四对一" />
        </Chapter>
        <Chapter>
          <option name="link" value="https://www.gyzxzm.com/213281/94905037.html" />
          <option name="name" value="第174章 雷杰多" />
        </Chapter>
        <Chapter>
          <option name="link" value="https://www.gyzxzm.com/213281/94905039.html" />
          <option name="name" value="第175章 究极生命体" />
        </Chapter>
        <Chapter>
          <option name="link" value="https://www.gyzxzm.com/213281/94905041.html" />
          <option name="name" value="第176章 金闪闪" />
        </Chapter>
        <Chapter>
          <option name="link" value="https://www.gyzxzm.com/213281/94905042.html" />
          <option name="name" value="第177章 撤离王国" />
        </Chapter>
        <Chapter>
          <option name="link" value="https://www.gyzxzm.com/213281/94905044.html" />
          <option name="name" value="第178章 没有怪兽的世界" />
        </Chapter>
        <Chapter>
          <option name="link" value="https://www.gyzxzm.com/213281/94905046.html" />
          <option name="name" value="第179章 准哥" />
        </Chapter>
        <Chapter>
          <option name="link" value="https://www.gyzxzm.com/213281/94905048.html" />
          <option name="name" value="第180章 对决浮士德" />
        </Chapter>
        <Chapter>
          <option name="link" value="https://www.gyzxzm.com/213281/94905050.html" />
          <option name="name" value="第181章 孤门" />
        </Chapter>
        <Chapter>
          <option name="link" value="https://www.gyzxzm.com/213281/94905051.html" />
          <option name="name" value="第182章 小贩" />
        </Chapter>
        <Chapter>
          <option name="link" value="https://www.gyzxzm.com/213281/94905055.html" />
          <option name="name" value="第183章 再次对决" />
        </Chapter>
        <Chapter>
          <option name="link" value="https://www.gyzxzm.com/213281/94905057.html" />
          <option name="name" value="第184章 福罗古罗斯" />
        </Chapter>
        <Chapter>
          <option name="link" value="https://www.gyzxzm.com/213281/94905058.html" />
          <option name="name" value="第185章 莱芙丽雅" />
        </Chapter>
        <Chapter>
          <option name="link" value="https://www.gyzxzm.com/213281/94905060.html" />
          <option name="name" value="第186章 莉子" />
        </Chapter>
        <Chapter>
          <option name="link" value="https://www.gyzxzm.com/213281/94905063.html" />
          <option name="name" value="第187章 这里是酒吧" />
        </Chapter>
        <Chapter>
          <option name="link" value="https://www.gyzxzm.com/213281/94905064.html" />
          <option name="name" value="第188章 人偶" />
        </Chapter>
        <Chapter>
          <option name="link" value="https://www.gyzxzm.com/213281/94905066.html" />
          <option name="name" value="第189章 准哥的感应" />
        </Chapter>
        <Chapter>
          <option name="link" value="https://www.gyzxzm.com/213281/94905068.html" />
          <option name="name" value="第190章 对决沟吕木" />
        </Chapter>
        <Chapter>
          <option name="link" value="https://www.gyzxzm.com/213281/94905071.html" />
          <option name="name" value="第191章 巴掌拍过去" />
        </Chapter>
        <Chapter>
          <option name="link" value="https://www.gyzxzm.com/213281/94905072.html" />
          <option name="name" value="第192章 拜格巴尊" />
        </Chapter>
        <Chapter>
          <option name="link" value="https://www.gyzxzm.com/213281/94905074.html" />
          <option name="name" value="第193章 莉子的光" />
        </Chapter>
        <Chapter>
          <option name="link" value="https://www.gyzxzm.com/213281/94905076.html" />
          <option name="name" value="第194章 狗都不吃" />
        </Chapter>
        <Chapter>
          <option name="link" value="https://www.gyzxzm.com/213281/94905077.html" />
          <option name="name" value="第195章 搞事的沟吕木" />
        </Chapter>
        <Chapter>
          <option name="link" value="https://www.gyzxzm.com/213281/94905079.html" />
          <option name="name" value="第196章 诺斯菲尔" />
        </Chapter>
        <Chapter>
          <option name="link" value="https://www.gyzxzm.com/213281/94905081.html" />
          <option name="name" value="第197章 小梅梅" />
        </Chapter>
        <Chapter>
          <option name="link" value="https://www.gyzxzm.com/213281/94905083.html" />
          <option name="name" value="第198章 开导孤门" />
        </Chapter>
        <Chapter>
          <option name="link" value="https://www.gyzxzm.com/213281/94905085.html" />
          <option name="name" value="第199章 困惑的孤门" />
        </Chapter>
        <Chapter>
          <option name="link" value="https://www.gyzxzm.com/213281/94905086.html" />
          <option name="name" value="第200章 捡到女生？" />
        </Chapter>
        <Chapter>
          <option name="link" value="https://www.gyzxzm.com/213281/94905088.html" />
          <option name="name" value="第201章 莉子的拯救" />
        </Chapter>
        <Chapter>
          <option name="link" value="https://www.gyzxzm.com/213281/94905090.html" />
          <option name="name" value="第202章 将功赎罪" />
        </Chapter>
        <Chapter>
          <option name="link" value="https://www.gyzxzm.com/213281/94905091.html" />
          <option name="name" value="第203章 买衣服" />
        </Chapter>
        <Chapter>
          <option name="link" value="https://www.gyzxzm.com/213281/94905093.html" />
          <option name="name" value="第204章 伽鲁贝洛斯" />
        </Chapter>
        <Chapter>
          <option name="link" value="https://www.gyzxzm.com/213281/94905095.html" />
          <option name="name" value="第205章 轮盘游戏" />
        </Chapter>
        <Chapter>
          <option name="link" value="https://www.gyzxzm.com/213281/94905097.html" />
          <option name="name" value="第206章 失踪的风" />
        </Chapter>
        <Chapter>
          <option name="link" value="https://www.gyzxzm.com/213281/94905099.html" />
          <option name="name" value="第207章 幻觉" />
        </Chapter>
        <Chapter>
          <option name="link" value="https://www.gyzxzm.com/213281/94905102.html" />
          <option name="name" value="第208章 格鲁格来姆" />
        </Chapter>
        <Chapter>
          <option name="link" value="https://www.gyzxzm.com/213281/94905103.html" />
          <option name="name" value="第209章 外星公主" />
        </Chapter>
        <Chapter>
          <option name="link" value="https://www.gyzxzm.com/213281/94905105.html" />
          <option name="name" value="第210章 去往星球" />
        </Chapter>
        <Chapter>
          <option name="link" value="https://www.gyzxzm.com/213281/94905107.html" />
          <option name="name" value="第211章 抵达星球" />
        </Chapter>
        <Chapter>
          <option name="link" value="https://www.gyzxzm.com/213281/94905109.html" />
          <option name="name" value="第212章 搜索情报" />
        </Chapter>
        <Chapter>
          <option name="link" value="https://www.gyzxzm.com/213281/94905110.html" />
          <option name="name" value="而213章 城堡历险" />
        </Chapter>
        <Chapter>
          <option name="link" value="https://www.gyzxzm.com/213281/94905113.html" />
          <option name="name" value="第214章 逃出王宫" />
        </Chapter>
        <Chapter>
          <option name="link" value="https://www.gyzxzm.com/213281/94905115.html" />
          <option name="name" value="第215章 势如破竹" />
        </Chapter>
        <Chapter>
          <option name="link" value="https://www.gyzxzm.com/213281/94905116.html" />
          <option name="name" value="第216章 五帝王" />
        </Chapter>
        <Chapter>
          <option name="link" value="https://www.gyzxzm.com/213281/94905119.html" />
          <option name="name" value="第217章 王室遗迹" />
        </Chapter>
        <Chapter>
          <option name="link" value="https://www.gyzxzm.com/213281/94905120.html" />
          <option name="name" value="第218章 得到宝物" />
        </Chapter>
        <Chapter>
          <option name="link" value="https://www.gyzxzm.com/213281/94905122.html" />
          <option name="name" value="第219章 准哥现状" />
        </Chapter>
        <Chapter>
          <option name="link" value="https://www.gyzxzm.com/213281/94905123.html" />
          <option name="name" value="第220章 解开心结" />
        </Chapter>
        <Chapter>
          <option name="link" value="https://www.gyzxzm.com/213281/94905125.html" />
          <option name="name" value="第221章 最后一战" />
        </Chapter>
        <Chapter>
          <option name="link" value="https://www.gyzxzm.com/213281/94905127.html" />
          <option name="name" value="第222章 光是纽带" />
        </Chapter>
        <Chapter>
          <option name="link" value="https://www.gyzxzm.com/213281/94905129.html" />
          <option name="name" value="第223章 一万年" />
        </Chapter>
        <Chapter>
          <option name="link" value="https://www.gyzxzm.com/213281/94905131.html" />
          <option name="name" value="第224章 怪兽墓场" />
        </Chapter>
        <Chapter>
          <option name="link" value="https://www.gyzxzm.com/213281/94905133.html" />
          <option name="name" value="第225章 大混战" />
        </Chapter>
        <Chapter>
          <option name="link" value="https://www.gyzxzm.com/213281/94905134.html" />
          <option name="name" value="第226章 战贝利亚" />
        </Chapter>
        <Chapter>
          <option name="link" value="https://www.gyzxzm.com/213281/94905137.html" />
          <option name="name" value="第227章 戴拿到来" />
        </Chapter>
        <Chapter>
          <option name="link" value="https://www.gyzxzm.com/213281/94905138.html" />
          <option name="name" value="第228章 赛罗" />
        </Chapter>
        <Chapter>
          <option name="link" value="https://www.gyzxzm.com/213281/94905140.html" />
          <option name="name" value="第229章 宿命之战" />
        </Chapter>
        <Chapter>
          <option name="link" value="https://www.gyzxzm.com/213281/94905142.html" />
          <option name="name" value="第230章 光之国恢复" />
        </Chapter>
        <Chapter>
          <option name="link" value="https://www.gyzxzm.com/213281/94905144.html" />
          <option name="name" value="第231章 拜师的人" />
        </Chapter>
        <Chapter>
          <option name="link" value="https://www.gyzxzm.com/213281/94905146.html" />
          <option name="name" value="第232章 沉溺游戏机" />
        </Chapter>
        <Chapter>
          <option name="link" value="https://www.gyzxzm.com/213281/94905147.html" />
          <option name="name" value="第233章 生气的佐菲" />
        </Chapter>
        <Chapter>
          <option name="link" value="https://www.gyzxzm.com/213281/94905149.html" />
          <option name="name" value="第234章 惩罚是" />
        </Chapter>
        <Chapter>
          <option name="link" value="https://www.gyzxzm.com/213281/94905152.html" />
          <option name="name" value="第235章 希卡利的发明" />
        </Chapter>
        <Chapter>
          <option name="link" value="https://www.gyzxzm.com/213281/94905155.html" />
          <option name="name" value="第236章 遥远的留言" />
        </Chapter>
        <Chapter>
          <option name="link" value="https://www.gyzxzm.com/213281/94905157.html" />
          <option name="name" value="第237章 吉普车" />
        </Chapter>
        <Chapter>
          <option name="link" value="https://www.gyzxzm.com/213281/94905159.html" />
          <option name="name" value="第238章 严苛的修行" />
        </Chapter>
        <Chapter>
          <option name="link" value="https://www.gyzxzm.com/213281/94905161.html" />
          <option name="name" value="第239章 愿望" />
        </Chapter>
        <Chapter>
          <option name="link" value="https://www.gyzxzm.com/213281/94905162.html" />
          <option name="name" value="第240章 赛罗的危机" />
        </Chapter>
        <Chapter>
          <option name="link" value="https://www.gyzxzm.com/213281/94905164.html" />
          <option name="name" value="第241章 机械奥特曼" />
        </Chapter>
        <Chapter>
          <option name="link" value="https://www.gyzxzm.com/213281/94905166.html" />
          <option name="name" value="第242章 黑暗洛普斯" />
        </Chapter>
        <Chapter>
          <option name="link" value="https://www.gyzxzm.com/213281/94905168.html" />
          <option name="name" value="第243章 赢了" />
        </Chapter>
        <Chapter>
          <option name="link" value="https://www.gyzxzm.com/213281/94905170.html" />
          <option name="name" value="第244章 怪兽训练营" />
        </Chapter>
        <Chapter>
          <option name="link" value="https://www.gyzxzm.com/213281/94905171.html" />
          <option name="name" value="第245章 电光" />
        </Chapter>
        <Chapter>
          <option name="link" value="https://www.gyzxzm.com/213281/94905173.html" />
          <option name="name" value="第246章 新条茜" />
        </Chapter>
        <Chapter>
          <option name="link" value="https://www.gyzxzm.com/213281/94905176.html" />
          <option name="name" value="第247章 世界的真相" />
        </Chapter>
        <Chapter>
          <option name="link" value="https://www.gyzxzm.com/213281/94905178.html" />
          <option name="name" value="第248章 安奇袭来" />
        </Chapter>
        <Chapter>
          <option name="link" value="https://www.gyzxzm.com/213281/94905180.html" />
          <option name="name" value="第249章 转学生" />
        </Chapter>
        <Chapter>
          <option name="link" value="https://www.gyzxzm.com/213281/94905182.html" />
          <option name="name" value="第250章 课余时间" />
        </Chapter>
        <Chapter>
          <option name="link" value="https://www.gyzxzm.com/213281/94905185.html" />
          <option name="name" value="第251章 讨论" />
        </Chapter>
        <Chapter>
          <option name="link" value="https://www.gyzxzm.com/213281/94905187.html" />
          <option name="name" value="第252章 请求" />
        </Chapter>
        <Chapter>
          <option name="link" value="https://www.gyzxzm.com/213281/94905188.html" />
          <option name="name" value="第253章 偶遇" />
        </Chapter>
        <Chapter>
          <option name="link" value="https://www.gyzxzm.com/213281/94905190.html" />
          <option name="name" value="第254章 秘密" />
        </Chapter>
        <Chapter>
          <option name="link" value="https://www.gyzxzm.com/213281/94905193.html" />
          <option name="name" value="第255章 挑衅" />
        </Chapter>
        <Chapter>
          <option name="link" value="https://www.gyzxzm.com/213281/94905195.html" />
          <option name="name" value="第256章 争执" />
        </Chapter>
        <Chapter>
          <option name="link" value="https://www.gyzxzm.com/213281/94905196.html" />
          <option name="name" value="第257章 超合体" />
        </Chapter>
        <Chapter>
          <option name="link" value="https://www.gyzxzm.com/213281/94905198.html" />
          <option name="name" value="第258章 学园祭" />
        </Chapter>
        <Chapter>
          <option name="link" value="https://www.gyzxzm.com/213281/94905200.html" />
          <option name="name" value="第259章 游乐园" />
        </Chapter>
        <Chapter>
          <option name="link" value="https://www.gyzxzm.com/213281/94905203.html" />
          <option name="name" value="第260章 美梦" />
        </Chapter>
        <Chapter>
          <option name="link" value="https://www.gyzxzm.com/213281/94905205.html" />
          <option name="name" value="第261章 消失的小茜" />
        </Chapter>
        <Chapter>
          <option name="link" value="https://www.gyzxzm.com/213281/94905207.html" />
          <option name="name" value="第262章 怪兽无名" />
        </Chapter>
        <Chapter>
          <option name="link" value="https://www.gyzxzm.com/213281/94905210.html" />
          <option name="name" value="第263章 家居事" />
        </Chapter>
        <Chapter>
          <option name="link" value="https://www.gyzxzm.com/213281/94905211.html" />
          <option name="name" value="第264章 骑士" />
        </Chapter>
        <Chapter>
          <option name="link" value="https://www.gyzxzm.com/213281/94905213.html" />
          <option name="name" value="第265章 银河帝国" />
        </Chapter>
        <Chapter>
          <option name="link" value="https://www.gyzxzm.com/213281/94905215.html" />
          <option name="name" value="第266章 再战贝利亚" />
        </Chapter>
        <Chapter>
          <option name="link" value="https://www.gyzxzm.com/213281/94905217.html" />
          <option name="name" value="第267章 电弧" />
        </Chapter>
        <Chapter>
          <option name="link" value="https://www.gyzxzm.com/213281/94905219.html" />
          <option name="name" value="第268章 帕拉吉之盾" />
        </Chapter>
        <Chapter>
          <option name="link" value="https://www.gyzxzm.com/213281/94905221.html" />
          <option name="name" value="第269章 昏迷的裕太" />
        </Chapter>
        <Chapter>
          <option name="link" value="https://www.gyzxzm.com/213281/94905222.html" />
          <option name="name" value="第270章 我是古立特" />
        </Chapter>
        <Chapter>
          <option name="link" value="https://www.gyzxzm.com/213281/94905224.html" />
          <option name="name" value="第271章 孙槿返回" />
        </Chapter>
        <Chapter>
          <option name="link" value="https://www.gyzxzm.com/213281/94905226.html" />
          <option name="name" value="第272章 干掉亚力克" />
        </Chapter>
        <Chapter>
          <option name="link" value="https://www.gyzxzm.com/213281/94905228.html" />
          <option name="name" value="第273章 好友一起走" />
        </Chapter>
        <Chapter>
          <option name="link" value="https://www.gyzxzm.com/213281/94905230.html" />
          <option name="name" value="第274章 行星朱朗" />
        </Chapter>
        <Chapter>
          <option name="link" value="https://www.gyzxzm.com/213281/94905232.html" />
          <option name="name" value="第275章 武藏一家" />
        </Chapter>
        <Chapter>
          <option name="link" value="https://www.gyzxzm.com/213281/94905234.html" />
          <option name="name" value="第276章 浏览参观" />
        </Chapter>
        <Chapter>
          <option name="link" value="https://www.gyzxzm.com/213281/94905236.html" />
          <option name="name" value="第277章 星际同盟" />
        </Chapter>
        <Chapter>
          <option name="link" value="https://www.gyzxzm.com/213281/94905237.html" />
          <option name="name" value="第278章 酒馆闲谈" />
        </Chapter>
        <Chapter>
          <option name="link" value="https://www.gyzxzm.com/213281/94905239.html" />
          <option name="name" value="第279章 战士之巅" />
        </Chapter>
        <Chapter>
          <option name="link" value="https://www.gyzxzm.com/213281/94905241.html" />
          <option name="name" value="第280章 巴尔萨斯" />
        </Chapter>
        <Chapter>
          <option name="link" value="https://www.gyzxzm.com/213281/94905243.html" />
          <option name="name" value="第281章 光之圆环" />
        </Chapter>
        <Chapter>
          <option name="link" value="https://www.gyzxzm.com/213281/94905246.html" />
          <option name="name" value="第282章 逛街购物" />
        </Chapter>
        <Chapter>
          <option name="link" value="https://www.gyzxzm.com/213281/94905248.html" />
          <option name="name" value="第283章 超兽与奥特曼" />
        </Chapter>
        <Chapter>
          <option name="link" value="https://www.gyzxzm.com/213281/94905249.html" />
          <option name="name" value="第284章 兔子为何物" />
        </Chapter>
        <Chapter>
          <option name="link" value="https://www.gyzxzm.com/213281/94905251.html" />
          <option name="name" value="第285章 翻窗户" />
        </Chapter>
        <Chapter>
          <option name="link" value="https://www.gyzxzm.com/213281/94905253.html" />
          <option name="name" value="第286章 恶霸三人组" />
        </Chapter>
        <Chapter>
          <option name="link" value="https://www.gyzxzm.com/213281/94905255.html" />
          <option name="name" value="第287章 害怕的直树" />
        </Chapter>
        <Chapter>
          <option name="link" value="https://www.gyzxzm.com/213281/94905257.html" />
          <option name="name" value="第288章 告于段落" />
        </Chapter>
        <Chapter>
          <option name="link" value="https://www.gyzxzm.com/213281/94905259.html" />
          <option name="name" value="第289章 查水表的" />
        </Chapter>
        <Chapter>
          <option name="link" value="https://www.gyzxzm.com/213281/94905260.html" />
          <option name="name" value="第290章 时间不多了" />
        </Chapter>
        <Chapter>
          <option name="link" value="https://www.gyzxzm.com/213281/94905264.html" />
          <option name="name" value="第291章 怪兽实体化" />
        </Chapter>
        <Chapter>
          <option name="link" value="https://www.gyzxzm.com/213281/94905266.html" />
          <option name="name" value="第292章 自研怪兽" />
        </Chapter>
        <Chapter>
          <option name="link" value="https://www.gyzxzm.com/213281/94905270.html" />
          <option name="name" value="第293章 再送讲义" />
        </Chapter>
        <Chapter>
          <option name="link" value="https://www.gyzxzm.com/213281/94905272.html" />
          <option name="name" value="第294章 新的怪兽" />
        </Chapter>
        <Chapter>
          <option name="link" value="https://www.gyzxzm.com/213281/94905273.html" />
          <option name="name" value="第295章 第二阶段" />
        </Chapter>
        <Chapter>
          <option name="link" value="https://www.gyzxzm.com/213281/94905275.html" />
          <option name="name" value="第296章 普林斯肯" />
        </Chapter>
        <Chapter>
          <option name="link" value="https://www.gyzxzm.com/213281/94905276.html" />
          <option name="name" value="第297章 宛若末日" />
        </Chapter>
        <Chapter>
          <option name="link" value="https://www.gyzxzm.com/213281/94905278.html" />
          <option name="name" value="第298章 赛罗抵达" />
        </Chapter>
        <Chapter>
          <option name="link" value="https://www.gyzxzm.com/213281/94905280.html" />
          <option name="name" value="第299章 完全体" />
        </Chapter>
        <Chapter>
          <option name="link" value="https://www.gyzxzm.com/213281/94905282.html" />
          <option name="name" value="第300章 奇迹之光" />
        </Chapter>
        <Chapter>
          <option name="link" value="https://www.gyzxzm.com/213281/94905284.html" />
          <option name="name" value="第301章 两人的愿望" />
        </Chapter>
        <Chapter>
          <option name="link" value="https://www.gyzxzm.com/213281/94905286.html" />
          <option name="name" value="第302章 再见麻衣" />
        </Chapter>
        <Chapter>
          <option name="link" value="https://www.gyzxzm.com/213281/94905288.html" />
          <option name="name" value="第303章 飞鸟的纪念日" />
        </Chapter>
        <Chapter>
          <option name="link" value="https://www.gyzxzm.com/213281/94905290.html" />
          <option name="name" value="第304章 女神奥特曼" />
        </Chapter>
        <Chapter>
          <option name="link" value="https://www.gyzxzm.com/213281/94905292.html" />
          <option name="name" value="第305章 练习之战" />
        </Chapter>
        <Chapter>
          <option name="link" value="https://www.gyzxzm.com/213281/94905293.html" />
          <option name="name" value="第306章 火星之上" />
        </Chapter>
        <Chapter>
          <option name="link" value="https://www.gyzxzm.com/213281/94905295.html" />
          <option name="name" value="第307章 个纪念日" />
        </Chapter>
        <Chapter>
          <option name="link" value="https://www.gyzxzm.com/213281/94905297.html" />
          <option name="name" value="第308章 大河与赛罗" />
        </Chapter>
        <Chapter>
          <option name="link" value="https://www.gyzxzm.com/213281/94905299.html" />
          <option name="name" value="第309章 传奇世界" />
        </Chapter>
        <Chapter>
          <option name="link" value="https://www.gyzxzm.com/213281/94905300.html" />
          <option name="name" value="第310章 赛罗的黑历史" />
        </Chapter>
        <Chapter>
          <option name="link" value="https://www.gyzxzm.com/213281/94905302.html" />
          <option name="name" value="第311章 百特星人" />
        </Chapter>
        <Chapter>
          <option name="link" value="https://www.gyzxzm.com/213281/94905304.html" />
          <option name="name" value="第312章 小武的苦恼" />
        </Chapter>
        <Chapter>
          <option name="link" value="https://www.gyzxzm.com/213281/94905306.html" />
          <option name="name" value="第313章 破茧" />
        </Chapter>
        <Chapter>
          <option name="link" value="https://www.gyzxzm.com/213281/94905307.html" />
          <option name="name" value="第314章 大河的改变" />
        </Chapter>
        <Chapter>
          <option name="link" value="https://www.gyzxzm.com/213281/94905309.html" />
          <option name="name" value="第315章 误会" />
        </Chapter>
        <Chapter>
          <option name="link" value="https://www.gyzxzm.com/213281/94905311.html" />
          <option name="name" value="第316章 战虫子" />
        </Chapter>
        <Chapter>
          <option name="link" value="https://www.gyzxzm.com/213281/94905314.html" />
          <option name="name" value="第317章 海帕杰顿" />
        </Chapter>
        <Chapter>
          <option name="link" value="https://www.gyzxzm.com/213281/94905316.html" />
          <option name="name" value="第318章 赛迦奥特曼" />
        </Chapter>
        <Chapter>
          <option name="link" value="https://www.gyzxzm.com/213281/94905318.html" />
          <option name="name" value="第319章 势均力敌" />
        </Chapter>
        <Chapter>
          <option name="link" value="https://www.gyzxzm.com/213281/94905319.html" />
          <option name="name" value="第320章 传奇结束" />
        </Chapter>
        <Chapter>
          <option name="link" value="https://www.gyzxzm.com/213281/94905321.html" />
          <option name="name" value="第1章 降星镇" />
        </Chapter>
        <Chapter>
          <option name="link" value="https://www.gyzxzm.com/213281/94905323.html" />
          <option name="name" value="第2章 银河" />
        </Chapter>
        <Chapter>
          <option name="link" value="https://www.gyzxzm.com/213281/94905325.html" />
          <option name="name" value="第3章 对决银河" />
        </Chapter>
        <Chapter>
          <option name="link" value="https://www.gyzxzm.com/213281/94905326.html" />
          <option name="name" value="第4章 驱魔仪式" />
        </Chapter>
        <Chapter>
          <option name="link" value="https://www.gyzxzm.com/213281/94905328.html" />
          <option name="name" value="第5章 追踪狂" />
        </Chapter>
        <Chapter>
          <option name="link" value="https://www.gyzxzm.com/213281/94905331.html" />
          <option name="name" value="第6章 凯姆尔人" />
        </Chapter>
        <Chapter>
          <option name="link" value="https://www.gyzxzm.com/213281/94905333.html" />
          <option name="name" value="第7章 孤独的烟花" />
        </Chapter>
        <Chapter>
          <option name="link" value="https://www.gyzxzm.com/213281/94905334.html" />
          <option name="name" value="第8章 泰罗名场面" />
        </Chapter>
        <Chapter>
          <option name="link" value="https://www.gyzxzm.com/213281/94905336.html" />
          <option name="name" value="第9章 庞顿王" />
        </Chapter>
        <Chapter>
          <option name="link" value="https://www.gyzxzm.com/213281/94905337.html" />
          <option name="name" value="第10章 孙槿再现" />
        </Chapter>
        <Chapter>
          <option name="link" value="https://www.gyzxzm.com/213281/94905339.html" />
          <option name="name" value="第11章 拍摄写真" />
        </Chapter>
        <Chapter>
          <option name="link" value="https://www.gyzxzm.com/213281/94905341.html" />
          <option name="name" value="第12章 千草的伤心" />
        </Chapter>
        <Chapter>
          <option name="link" value="https://www.gyzxzm.com/213281/94905343.html" />
          <option name="name" value="第13章 嫉妒的拉贡" />
        </Chapter>
        <Chapter>
          <option name="link" value="https://www.gyzxzm.com/213281/94905345.html" />
          <option name="name" value="第14章 钢铁杀手" />
        </Chapter>
        <Chapter>
          <option name="link" value="https://www.gyzxzm.com/213281/94905346.html" />
          <option name="name" value="第15章 复制火花" />
        </Chapter>
        <Chapter>
          <option name="link" value="https://www.gyzxzm.com/213281/94905348.html" />
          <option name="name" value="第16章 被孤立" />
        </Chapter>
        <Chapter>
          <option name="link" value="https://www.gyzxzm.com/213281/94905350.html" />
          <option name="name" value="第17章 对决钢铁杀手" />
        </Chapter>
        <Chapter>
          <option name="link" value="https://www.gyzxzm.com/213281/94905352.html" />
          <option name="name" value="第18章 没有梦想" />
        </Chapter>
        <Chapter>
          <option name="link" value="https://www.gyzxzm.com/213281/94905354.html" />
          <option name="name" value="第19章 你的梦想我决定" />
        </Chapter>
        <Chapter>
          <option name="link" value="https://www.gyzxzm.com/213281/94905355.html" />
          <option name="name" value="第20章 傲娇友也" />
        </Chapter>
        <Chapter>
          <option name="link" value="https://www.gyzxzm.com/213281/94905359.html" />
          <option name="name" value="第21章 后山的人偶" />
        </Chapter>
        <Chapter>
          <option name="link" value="https://www.gyzxzm.com/213281/94905361.html" />
          <option name="name" value="第22章 寻找之旅" />
        </Chapter>
        <Chapter>
          <option name="link" value="https://www.gyzxzm.com/213281/94905363.html" />
          <option name="name" value="第23章 泰兰特" />
        </Chapter>
        <Chapter>
          <option name="link" value="https://www.gyzxzm.com/213281/94905365.html" />
          <option name="name" value="第24章 三打一" />
        </Chapter>
        <Chapter>
          <option name="link" value="https://www.gyzxzm.com/213281/94905367.html" />
          <option name="name" value="第25章 黑暗扎基" />
        </Chapter>
        <Chapter>
          <option name="link" value="https://www.gyzxzm.com/213281/94905368.html" />
          <option name="name" value="第26章 校服" />
        </Chapter>
        <Chapter>
          <option name="link" value="https://www.gyzxzm.com/213281/94905370.html" />
          <option name="name" value="第27章 结界" />
        </Chapter>
        <Chapter>
          <option name="link" value="https://www.gyzxzm.com/213281/94905372.html" />
          <option name="name" value="第28章 拳击比赛" />
        </Chapter>
        <Chapter>
          <option name="link" value="https://www.gyzxzm.com/213281/94905374.html" />
          <option name="name" value="第29章 美玲的爹" />
        </Chapter>
        <Chapter>
          <option name="link" value="https://www.gyzxzm.com/213281/94905376.html" />
          <option name="name" value="第30章 梦想与迷茫" />
        </Chapter>
        <Chapter>
          <option name="link" value="https://www.gyzxzm.com/213281/94905377.html" />
          <option name="name" value="第31章 被偷走" />
        </Chapter>
        <Chapter>
          <option name="link" value="https://www.gyzxzm.com/213281/94905379.html" />
          <option name="name" value="第32章 漆黑的奥特兄弟" />
        </Chapter>
        <Chapter>
          <option name="link" value="https://www.gyzxzm.com/213281/94905381.html" />
          <option name="name" value="第33章 钓鱼去！" />
        </Chapter>
        <Chapter>
          <option name="link" value="https://www.gyzxzm.com/213281/94905383.html" />
          <option name="name" value="第34章 美玲丢了" />
        </Chapter>
        <Chapter>
          <option name="link" value="https://www.gyzxzm.com/213281/94905384.html" />
          <option name="name" value="第35章 古兰特王" />
        </Chapter>
        <Chapter>
          <option name="link" value="https://www.gyzxzm.com/213281/94905386.html" />
          <option name="name" value="第36章 拯救美玲" />
        </Chapter>
        <Chapter>
          <option name="link" value="https://www.gyzxzm.com/213281/94905388.html" />
          <option name="name" value="第37章 最强的银河" />
        </Chapter>
        <Chapter>
          <option name="link" value="https://www.gyzxzm.com/213281/94905390.html" />
          <option name="name" value="第38章 结界开" />
        </Chapter>
        <Chapter>
          <option name="link" value="https://www.gyzxzm.com/213281/94905391.html" />
          <option name="name" value="第39章 路哥甄选" />
        </Chapter>
        <Chapter>
          <option name="link" value="https://www.gyzxzm.com/213281/94905393.html" />
          <option name="name" value="第40章 全是我的" />
        </Chapter>
        <Chapter>
          <option name="link" value="https://www.gyzxzm.com/213281/95680166.html" />
          <option name="name" value="第41章 泰罗奥特曼" />
        </Chapter>
        <Chapter>
          <option name="link" value="https://www.gyzxzm.com/213281/95680167.html" />
          <option name="name" value="第42章 对决路基艾尔" />
        </Chapter>
        <Chapter>
          <option name="link" value="https://www.gyzxzm.com/213281/95680168.html" />
          <option name="name" value="第43章 国王星" />
        </Chapter>
        <Chapter>
          <option name="link" value="https://www.gyzxzm.com/213281/95680169.html" />
          <option name="name" value="第44章 主宇宙地球" />
        </Chapter>
        <Chapter>
          <option name="link" value="https://www.gyzxzm.com/213281/95680170.html" />
          <option name="name" value="第45章 赛罗的求助" />
        </Chapter>
        <Chapter>
          <option name="link" value="https://www.gyzxzm.com/213281/95680171.html" />
          <option name="name" value="第46章 光辉形态" />
        </Chapter>
        <Chapter>
          <option name="link" value="https://www.gyzxzm.com/213281/95680172.html" />
          <option name="name" value="第47章 偶像艾丽卡" />
        </Chapter>
        <Chapter>
          <option name="link" value="https://www.gyzxzm.com/213281/95680173.html" />
          <option name="name" value="第48章 小老虎" />
        </Chapter>
        <Chapter>
          <option name="link" value="https://www.gyzxzm.com/213281/95680174.html" />
          <option name="name" value="第49章 尼奥美加斯" />
        </Chapter>
        <Chapter>
          <option name="link" value="https://www.gyzxzm.com/213281/95680175.html" />
          <option name="name" value="第50章 久别重逢" />
        </Chapter>
        <Chapter>
          <option name="link" value="https://www.gyzxzm.com/213281/95680176.html" />
          <option name="name" value="第51章 下一步计划" />
        </Chapter>
        <Chapter>
          <option name="link" value="https://www.gyzxzm.com/213281/95680177.html" />
          <option name="name" value="第52章 被迫开始打工" />
        </Chapter>
        <Chapter>
          <option name="link" value="https://www.gyzxzm.com/213281/95680178.html" />
          <option name="name" value="第53章 彩虹糖" />
        </Chapter>
        <Chapter>
          <option name="link" value="https://www.gyzxzm.com/213281/95680179.html" />
          <option name="name" value="第54章 行星伽农" />
        </Chapter>
        <Chapter>
          <option name="link" value="https://www.gyzxzm.com/213281/95680180.html" />
          <option name="name" value="第55章 猪队友" />
        </Chapter>
        <Chapter>
          <option name="link" value="https://www.gyzxzm.com/213281/95680181.html" />
          <option name="name" value="第56章 高血压" />
        </Chapter>
        <Chapter>
          <option name="link" value="https://www.gyzxzm.com/213281/95680182.html" />
          <option name="name" value="第57章 救人" />
        </Chapter>
        <Chapter>
          <option name="link" value="https://www.gyzxzm.com/213281/95680183.html" />
          <option name="name" value="第58章 重返银河" />
        </Chapter>
        <Chapter>
          <option name="link" value="https://www.gyzxzm.com/213281/96103640.html" />
          <option name="name" value="第59章 实现梦想" />
        </Chapter>
        <Chapter>
          <option name="link" value="https://www.gyzxzm.com/213281/96103698.html" />
          <option name="name" value="第60章 眼Q与哥尔赞" />
        </Chapter>
        <Chapter>
          <option name="link" value="https://www.gyzxzm.com/213281/96103699.html" />
          <option name="name" value="第61章 五帝王登场" />
        </Chapter>
        <Chapter>
          <option name="link" value="https://www.gyzxzm.com/213281/96103700.html" />
          <option name="name" value="第62章 送礼物" />
        </Chapter>
        <Chapter>
          <option name="link" value="https://www.gyzxzm.com/213281/96103701.html" />
          <option name="name" value="第63章 红凯的演讲" />
        </Chapter>
        <Chapter>
          <option name="link" value="https://www.gyzxzm.com/213281/96103702.html" />
          <option name="name" value="第64章 注入傀儡毒" />
        </Chapter>
        <Chapter>
          <option name="link" value="https://www.gyzxzm.com/213281/96103703.html" />
          <option name="name" value="第65章 划水的战斗" />
        </Chapter>
        <Chapter>
          <option name="link" value="https://www.gyzxzm.com/213281/96103704.html" />
          <option name="name" value="第66章 才库因" />
        </Chapter>
        <Chapter>
          <option name="link" value="https://www.gyzxzm.com/213281/96213608.html" />
          <option name="name" value="第67章 金龙与银龙" />
        </Chapter>
        <Chapter>
          <option name="link" value="https://www.gyzxzm.com/213281/96213610.html" />
          <option name="name" value="第68章 青涩的果实" />
        </Chapter>
        <Chapter>
          <option name="link" value="https://www.gyzxzm.com/213281/96562831.html" />
          <option name="name" value="第69章 借力量" />
        </Chapter>
        <Chapter>
          <option name="link" value="https://www.gyzxzm.com/213281/96562833.html" />
          <option name="name" value="第70章 特训中" />
        </Chapter>
        <Chapter>
          <option name="link" value="https://www.gyzxzm.com/213281/96562836.html" />
          <option name="name" value="第71章 光之国的家" />
        </Chapter>
        <Chapter>
          <option name="link" value="https://www.gyzxzm.com/213281/96562838.html" />
          <option name="name" value="第72章 亚波人复活" />
        </Chapter>
        <Chapter>
          <option name="link" value="https://www.gyzxzm.com/213281/96702143.html" />
          <option name="name" value="第73章 超兽军团" />
        </Chapter>
        <Chapter>
          <option name="link" value="https://www.gyzxzm.com/213281/96702145.html" />
          <option name="name" value="第74章 艾斯杀手" />
        </Chapter>
        <Chapter>
          <option name="link" value="https://www.gyzxzm.com/213281/96874185.html" />
          <option name="name" value="第75章 亚波人又死了" />
        </Chapter>
        <Chapter>
          <option name="link" value="https://www.gyzxzm.com/213281/96874306.html" />
          <option name="name" value="第76章 师娘们好" />
        </Chapter>
      </list>
    </option>
    <option name="textContent" value="第70章 特训中 一处无名的星球！ 塔艾斯特与欧布之间进行着对战。 欧布冲到塔艾斯特面前挥拳砸过来，塔艾斯特接住欧布的拳头，随后，手臂一扭，连带着欧布一同翻身。背部着地的摔在地上，溅起大量的尘土。 “既然力量不足时，那么这个时候你要学会的是卸力！不要硬碰硬！身体主动跟着一起旋转，同时可以两只脚夹住敌人的脑袋，一同摔下去。” “是！我知道了！”欧布点了点头。 塔艾斯特松开欧布，欧布站起身来再次朝着塔艾斯特发起进攻。 欧布一拳又一拳的轰过来，塔艾斯特轻而易举的躲过所有的拳头，并下蹲后一拳击中欧布的胸膛。 “不要一股脑的进攻！要时刻考虑下一步该如何去做。” “是！是的！” 塔艾斯特抓住欧布的左手，随后又按住了欧布攻击过来的右手。将其推开一定的距离，一脚踢在其腹部。 欧布后退两步之后一跃而起，一记飞踢踢向塔艾斯特。塔艾斯特向旁边挪动一步后，抓住欧布的大腿。 连带着欧布，径直的砸向地面。 欧布的脑袋砸进大地之中，整个人以倒栽葱的形式待在地面。一双大长腿，不断的扑腾着。 “哎，，，”塔艾斯特无奈摇头。 欧布的战斗经验如此匮乏的么？当初跟伽古拉在一起的时候，难道都是伽古拉出去干的架么？ 也对！人类的等身战跟变成奥特曼来战是有些不一样的！ 塔艾斯特将欧布从里面拔了出来。 “呼，，，还以为要死了呢！”欧布松了一口气。 “你是奥特曼！仅仅是这样怎么可能会死？”塔艾斯特哭笑不得。 “习惯，习惯的一种说法。”欧布羞涩的挠了挠头。 “来吧！继续战斗吧！” “哦嘶！！！” 塔艾斯特与欧布，他们两个人的战斗特训仍在继续中。 小茜与六花两个人则是待在了地球这边，她们俩才不要看着两个大男人的特训呢！有这时间，逛逛街不香么？ 当然！除了她们俩之外，天照女王的护卫御言与立花两个人也在这里。 别误会！可不是旷工！ 而是天照女王如今还没有准备回自己的王立伽农行星去。 你问为什么还不回去？ 咋滴？好不容易打赢了一场如此艰难的战争，就不能让人家好好的休息几天？ 再说了！就算回去之后，一天天的不也是无所事事的过嘛！在哪，都一样啦！ 虽然森罗百般恳求天照女王回家，可惜天照女王成天跟翔太腻歪在一起。 不是在霓虹各处溜达，就是跑到宇宙里面各处溜达。在很多地方，都留下了他们爱的脚印。 只可惜了青梅结衣，跟在他们身后，被迫吃了不少的狗粮。 结衣真的一点都不想跟着他们，但是又有点担心翔太会被拐走。 “天照女王陛下！我们究竟什么时候回去？”森罗再次找机会询问。 “唔，，，生命之树什么时候可以带回我们星球呢？”天照女王问道。 “这个，，，” 这玩意儿他哪里知道啊！ 生命之树好像很喜欢这里似的，根本就没有离开的打算啊！ “我需要守护生命之树！所以，生命之树在哪里，我就在哪里。” “额，，，” 借口！就是一个借口啊！！！ 话说，天照女王陛下啥时候变得这么聪明了？都会找借口了？ 森罗看向天照女王身边的翔平，那一脸笑意充分说明了一件事！ 地球人！还真是一群奸诈的生物。 “可是！我们的星球，，，” “那里就算是没有我！不也一直在稳定运行么？这些年，我没做多少事不是吗？” 那可不！您是没做多少事情，但是所做的每一项决定都差点导致亡国啊！ 啊嘞？这么说，天照女王还是真的留在地球比较好！就，让女王陛下继续祸祸地球好了。 女王陛下她也开心！地球人也开心！王立伽农行星的人也开心！ 这，就是三赢啊！ “一切都由天照女王陛下您做主！我现在返回星球，与其他人一同探索如何把生命之树移动回我们的星球。” “嗯！你去忙吧！越快解决，我就可以越快的回去了。”天照女王摆了摆手。 “是！”森罗恭敬的鞠躬。 随后，急忙离开这里。驾驶着宇宙飞船，返回王立伽农行星。 “这样，真的没问题么？”结衣担心。 女王陛下若是不回去，说不定会变成地球历史上的那些王朝，，，直接把女王架空，或者废除掉。 “没事！没事！”天照女王自信满满。 只要她拥有王室的血统，可以变成战神，那么谁也取代不了她的地位。 他们，总不能把守护神赶走吧？ “啊！那里的制度跟地球不同！所以，你就安心好了。”翔平说道。 “好吧！既然你们都这么说，，，” 目光回到正在逛街的小茜，六花，御言与计划四人组。 本小章还未完，请点击下一页继续阅读后面精彩内容！ “你们不去守护女王没问题么？”六花疑惑道。 “不是我们不想守护！而是，天照女王陛下不让我们跟着去。”御言无奈摇头。 “哦？这是为什么？” “可能！天照女王陛下认为很安全吧！再说了，有森罗队长在，应该没事。” “小茜，这个是什么啊？”立花好奇的指着一个商店的物品。 “那个啊！叫做洗衣机啦！是人类用来洗衣服的。”小茜解释着。 “洗衣服吗？我们那里也有洗衣机哦！是一种专门培养的生物。” “生物？还有这种？” “嗯嗯！非常可爱的哦！白色的，毛绒绒的，摸起来特别舒服。” “这，这样啊！” “那这个是什么？” “马桶！解决生理问题的东西。” “这个呢？” “这个是什么？” “这个！样子好奇怪啊！是什么？” “这个又是什么啊？” 小茜头一次感觉到逛街很累！有种，理解了当初孙槿的感受了。 那个时候，孙槿也是如此痛苦的吧！ 自己，还真是一个十恶不赦的坏人！ “抱歉！立花她，就是好奇心太重了！什么都想知道。”御言不好意思的道歉。 “没事！挺欢乐了的不是吗？”六花笑着摇了摇头。 反正！折磨的又不是自己，，， 逛街吃饭逛街吃饭，逛吃逛吃，这就是女生们逛街的精髓所在。 一家家庭餐厅内！四个人坐在对面的两排座位上，吃着刚刚端上来的咖喱。 “地球上的食物都很不错呢！我们那里跟这里比起来就是食物荒漠！”立花一边吃着一边吐槽道。 “有吗？生命之树的果实倒还蛮好吃的呢！就跟核桃一样。”小茜笑了笑。 “啊嘞？新条，你说什么？生命之树的果实？那是能吃的么？”御言一愣。 “哦？你们不吃么？” “没，没吃过。” “这样还真是浪费哎！” 这边的特训也仍在继续着。 欧布一脚踏地，随后以极快的速度挥拳袭来。塔艾斯特挡住欧布拳头，之后又接住另外一只拳头。 塔艾斯特将欧布推开一点儿，随即一脚踢到其腹部。跟上一步之后，塔艾斯特一顿快拳捶在欧布胸膛，又一记回旋踢将其翻在地。 “欧布！战斗的时候要多加注意。” “是！” 塔艾斯特架开欧布的拳头，一记重拳击中其胸膛，一记上勾拳击中其下巴，手臂一横挡在其脖子处使劲儿，欧布由此再次摔倒在地。 “欧布！不要只看到眼前！” “是！” 欧布再次冲过来攻击塔艾斯特。 “欧布，，，” “是！” “欧布，，，” “是！” 一边对战一边教授，就这样的特训了半个月时间，，， 直到欧布一拳击中塔艾斯特的肩膀，让塔艾斯特后退两步。 “不错！”塔艾斯特满意的点头。 “虽然时间很短！但是目前该交给你的也都交给你了。以后，就看你自己了。” 这段时间塔艾斯特把能教授的东西也全部都教授了。不论是战斗技巧还是战斗经验，还带着去打了几只怪兽。 再想继续提升实力！只能等他先把这些全部吸收之后了。 “我知道了！师傅。” “师傅？”塔艾斯特一愣。 “啊！前辈教授了我这么多！所以，我觉得叫师傅应该，，，不，不可以么？” “怎么样都可以！你喜欢叫就叫吧！” “是！师傅。” “好啦！你该回去交任务了！而我，也要离开这个宇宙了。” “还会，再见么？” “当然！再见的时候，我可要考验一下你的实力啊！要多加努力才行。” “是！我知道了！” 塔艾斯特对欧布点了点头。随后，两个人一同飞向宇宙，朝着两个方向飞去。 塔艾斯特返回地球，找到小茜与六花两个人便准备离开。 然而已经半个月过去了，这位天照女王依旧待在这里，丝毫没有回去的打算。 “她还打算待多久？”孙槿嘴角抽搐。 “不知道！好像是说要等到生命之树移植走之后的。”六花摇了摇头。 “好么！那时候新任女王都出生长大了吧！”孙槿哭笑不得。 “算了！不管她了！我们走吧！” “接下来，去哪？”小茜好奇道。 “回光之国！”" />
  </component>
</application>