<application>
  <component name="CodeInsightSettings">
    <option name="ENABLE_SECOND_REFORMAT" value="true" />
  </component>
  <component name="CodeVisionSettings">
    <option name="codeVisionGroupToPosition">
      <map>
        <entry key="component.usage" value="Default" />
        <entry key="gittoolbox.code.vision.blame.changeDate" value="Default" />
        <entry key="gittoolbox.code.vision.blame.issueNav" value="Default" />
        <entry key="inheritors" value="Default" />
        <entry key="llm" value="Default" />
        <entry key="problems" value="Default" />
        <entry key="references" value="Default" />
        <entry key="rename" value="Default" />
        <entry key="vcs.code.vision" value="Default" />
      </map>
    </option>
    <option name="defaultPosition" value="Right" />
    <option name="disabledCodeVisionProviderIds">
      <set>
        <option value="references" />
        <option value="vcs.code.vision" />
      </set>
    </option>
  </component>
  <component name="DaemonCodeAnalyzerSettings">
    <option name="AUTOREPARSE_DELAY" value="0" />
  </component>
  <component name="DeclarativeInlayHintsSettings">
    <option name="enabledOptions">
      <map>
        <entry key="js.type.hints#function.returns" value="true" />
        <entry key="js.type.hints#non.paren.single.param" value="true" />
        <entry key="js.type.hints#parameters.in.parens" value="true" />
        <entry key="js.type.hints#variables.and.fields" value="true" />
        <entry key="kotlin.lambdas.hints#hints.lambda.receivers.parameters" value="false" />
        <entry key="kotlin.lambdas.hints#hints.lambda.return" value="false" />
        <entry key="kotlin.references.types.hints#hints.type.function.parameter" value="false" />
        <entry key="kotlin.references.types.hints#hints.type.function.return" value="false" />
        <entry key="kotlin.references.types.hints#hints.type.property" value="false" />
        <entry key="kotlin.references.types.hints#hints.type.variable" value="false" />
        <entry key="ts.type.hints#function.returns" value="true" />
        <entry key="ts.type.hints#non.paren.single.param" value="true" />
        <entry key="ts.type.hints#parameters.in.parens" value="true" />
        <entry key="ts.type.hints#variables.and.fields" value="true" />
      </map>
    </option>
    <option name="providerIdToEnabled">
      <map>
        <entry key="groovy.implicit.null.argument" value="true" />
        <entry key="groovy.local.variable.implicit.types" value="true" />
        <entry key="java.implicit.types" value="false" />
        <entry key="java.method.chains" value="true" />
        <entry key="js.chain.hints" value="true" />
        <entry key="js.type.hints" value="true" />
        <entry key="kotlin.lambdas.hints" value="false" />
        <entry key="kotlin.method.chains" value="false" />
        <entry key="kotlin.references.types.hints" value="false" />
        <entry key="kotlin.values.hints" value="true" />
        <entry key="open.rewrite.recipe" value="true" />
        <entry key="qodana.yaml.inspection.descriptions" value="true" />
        <entry key="ts.chain.hints" value="true" />
        <entry key="ts.enum.hints" value="true" />
        <entry key="ts.type.hints" value="true" />
      </map>
    </option>
  </component>
  <component name="EditorSettings">
    <option name="USE_SOFT_WRAPS" value="CONSOLE" />
  </component>
  <component name="InlayHintsSettings">
    <option name="lastViewedProviderKeyId" value=".references" />
  </component>
</application>