<application>
  <component name="FileTypeManager" version="19">
    <ignoreFiles list="*.iml;*.pyc;*.pyo;*.rbc;*.yarb;*~;.DS_Store;.fleet;.git;.gitignore;.gradle;.hg;.idea;.mvn;.mypy_cache;.pytest_cache;.ruff_cache;.svn;CVS;__pycache__;_svn;build;mvnw;mvnw.cmd;out;target;vssver.scc;vssver2.scc" />
    <extensionMap>
      <mapping ext="so" type="PLAIN_TEXT" />
      <mapping ext="dill" type="PLAIN_TEXT" />
      <mapping ext="tdm" type="XML" />
      <removed_mapping ext="apk" approved="true" type="ARCHIVE" />
      <removed_mapping ext="psd" approved="true" type="Image" />
    </extensionMap>
  </component>
</application>