<application>
  <component name="ExportableFileTemplateSettings">
    <internal_templates>
      <template name="AnnotationType.java" reformat="false" live-template-enabled="false" enabled="true" />
      <template name="Class.java" reformat="false" live-template-enabled="false" enabled="true" />
      <template name="Enum.java" reformat="false" live-template-enabled="false" enabled="true" />
      <template name="Interface.java" reformat="false" live-template-enabled="false" enabled="true" />
      <template name="Record.java" reformat="false" live-template-enabled="false" enabled="true" />
    </internal_templates>
  </component>
</application>