<application>
  <component name="ProjectJdkTable">
    <jdk version="2">
      <name value="1.8" />
      <type value="JavaSDK" />
      <version value="java version &quot;1.8.0_131&quot;" />
      <homePath value="D:/Software/Java/jdk1.8.0_131" />
      <roots>
        <annotationsPath>
          <root type="composite">
            <root url="jar://$APPLICATION_HOME_DIR$/plugins/java/lib/resources/jdkAnnotations.jar!/" type="simple" />
          </root>
        </annotationsPath>
        <classPath>
          <root type="composite">
            <root url="jar://D:/Software/Java/jdk1.8.0_131/jre/lib/charsets.jar!/" type="simple" />
            <root url="jar://D:/Software/Java/jdk1.8.0_131/jre/lib/deploy.jar!/" type="simple" />
            <root url="jar://D:/Software/Java/jdk1.8.0_131/jre/lib/ext/access-bridge-64.jar!/" type="simple" />
            <root url="jar://D:/Software/Java/jdk1.8.0_131/jre/lib/ext/cldrdata.jar!/" type="simple" />
            <root url="jar://D:/Software/Java/jdk1.8.0_131/jre/lib/ext/dnsns.jar!/" type="simple" />
            <root url="jar://D:/Software/Java/jdk1.8.0_131/jre/lib/ext/jaccess.jar!/" type="simple" />
            <root url="jar://D:/Software/Java/jdk1.8.0_131/jre/lib/ext/jfxrt.jar!/" type="simple" />
            <root url="jar://D:/Software/Java/jdk1.8.0_131/jre/lib/ext/localedata.jar!/" type="simple" />
            <root url="jar://D:/Software/Java/jdk1.8.0_131/jre/lib/ext/nashorn.jar!/" type="simple" />
            <root url="jar://D:/Software/Java/jdk1.8.0_131/jre/lib/ext/sunec.jar!/" type="simple" />
            <root url="jar://D:/Software/Java/jdk1.8.0_131/jre/lib/ext/sunjce_provider.jar!/" type="simple" />
            <root url="jar://D:/Software/Java/jdk1.8.0_131/jre/lib/ext/sunmscapi.jar!/" type="simple" />
            <root url="jar://D:/Software/Java/jdk1.8.0_131/jre/lib/ext/sunpkcs11.jar!/" type="simple" />
            <root url="jar://D:/Software/Java/jdk1.8.0_131/jre/lib/ext/zipfs.jar!/" type="simple" />
            <root url="jar://D:/Software/Java/jdk1.8.0_131/jre/lib/javaws.jar!/" type="simple" />
            <root url="jar://D:/Software/Java/jdk1.8.0_131/jre/lib/jce.jar!/" type="simple" />
            <root url="jar://D:/Software/Java/jdk1.8.0_131/jre/lib/jfr.jar!/" type="simple" />
            <root url="jar://D:/Software/Java/jdk1.8.0_131/jre/lib/jfxswt.jar!/" type="simple" />
            <root url="jar://D:/Software/Java/jdk1.8.0_131/jre/lib/jsse.jar!/" type="simple" />
            <root url="jar://D:/Software/Java/jdk1.8.0_131/jre/lib/management-agent.jar!/" type="simple" />
            <root url="jar://D:/Software/Java/jdk1.8.0_131/jre/lib/plugin.jar!/" type="simple" />
            <root url="jar://D:/Software/Java/jdk1.8.0_131/jre/lib/resources.jar!/" type="simple" />
            <root url="jar://D:/Software/Java/jdk1.8.0_131/jre/lib/rt.jar!/" type="simple" />
          </root>
        </classPath>
        <javadocPath>
          <root type="composite" />
        </javadocPath>
        <sourcePath>
          <root type="composite">
            <root url="jar://D:/Software/Java/jdk1.8.0_131/src.zip!/" type="simple" />
            <root url="jar://D:/Software/Java/jdk1.8.0_131/javafx-src.zip!/" type="simple" />
          </root>
        </sourcePath>
      </roots>
      <additional />
    </jdk>
    <jdk version="2">
      <name value="11" />
      <type value="JavaSDK" />
      <version value="Oracle OpenJDK 11.0.16" />
      <homePath value="D:/Software/Java/jdk-11.0.16.1" />
      <roots>
        <annotationsPath>
          <root type="composite">
            <root url="jar://$APPLICATION_HOME_DIR$/plugins/java/lib/resources/jdkAnnotations.jar!/" type="simple" />
          </root>
        </annotationsPath>
        <classPath>
          <root type="composite">
            <root url="jrt://D:/Software/Java/jdk-11.0.16.1!/java.base" type="simple" />
            <root url="jrt://D:/Software/Java/jdk-11.0.16.1!/java.compiler" type="simple" />
            <root url="jrt://D:/Software/Java/jdk-11.0.16.1!/java.datatransfer" type="simple" />
            <root url="jrt://D:/Software/Java/jdk-11.0.16.1!/java.desktop" type="simple" />
            <root url="jrt://D:/Software/Java/jdk-11.0.16.1!/java.instrument" type="simple" />
            <root url="jrt://D:/Software/Java/jdk-11.0.16.1!/java.logging" type="simple" />
            <root url="jrt://D:/Software/Java/jdk-11.0.16.1!/java.management" type="simple" />
            <root url="jrt://D:/Software/Java/jdk-11.0.16.1!/java.management.rmi" type="simple" />
            <root url="jrt://D:/Software/Java/jdk-11.0.16.1!/java.naming" type="simple" />
            <root url="jrt://D:/Software/Java/jdk-11.0.16.1!/java.net.http" type="simple" />
            <root url="jrt://D:/Software/Java/jdk-11.0.16.1!/java.prefs" type="simple" />
            <root url="jrt://D:/Software/Java/jdk-11.0.16.1!/java.rmi" type="simple" />
            <root url="jrt://D:/Software/Java/jdk-11.0.16.1!/java.scripting" type="simple" />
            <root url="jrt://D:/Software/Java/jdk-11.0.16.1!/java.se" type="simple" />
            <root url="jrt://D:/Software/Java/jdk-11.0.16.1!/java.security.jgss" type="simple" />
            <root url="jrt://D:/Software/Java/jdk-11.0.16.1!/java.security.sasl" type="simple" />
            <root url="jrt://D:/Software/Java/jdk-11.0.16.1!/java.smartcardio" type="simple" />
            <root url="jrt://D:/Software/Java/jdk-11.0.16.1!/java.sql" type="simple" />
            <root url="jrt://D:/Software/Java/jdk-11.0.16.1!/java.sql.rowset" type="simple" />
            <root url="jrt://D:/Software/Java/jdk-11.0.16.1!/java.transaction.xa" type="simple" />
            <root url="jrt://D:/Software/Java/jdk-11.0.16.1!/java.xml" type="simple" />
            <root url="jrt://D:/Software/Java/jdk-11.0.16.1!/java.xml.crypto" type="simple" />
            <root url="jrt://D:/Software/Java/jdk-11.0.16.1!/jdk.accessibility" type="simple" />
            <root url="jrt://D:/Software/Java/jdk-11.0.16.1!/jdk.attach" type="simple" />
            <root url="jrt://D:/Software/Java/jdk-11.0.16.1!/jdk.charsets" type="simple" />
            <root url="jrt://D:/Software/Java/jdk-11.0.16.1!/jdk.compiler" type="simple" />
            <root url="jrt://D:/Software/Java/jdk-11.0.16.1!/jdk.crypto.cryptoki" type="simple" />
            <root url="jrt://D:/Software/Java/jdk-11.0.16.1!/jdk.crypto.ec" type="simple" />
            <root url="jrt://D:/Software/Java/jdk-11.0.16.1!/jdk.crypto.mscapi" type="simple" />
            <root url="jrt://D:/Software/Java/jdk-11.0.16.1!/jdk.dynalink" type="simple" />
            <root url="jrt://D:/Software/Java/jdk-11.0.16.1!/jdk.editpad" type="simple" />
            <root url="jrt://D:/Software/Java/jdk-11.0.16.1!/jdk.hotspot.agent" type="simple" />
            <root url="jrt://D:/Software/Java/jdk-11.0.16.1!/jdk.httpserver" type="simple" />
            <root url="jrt://D:/Software/Java/jdk-11.0.16.1!/jdk.internal.ed" type="simple" />
            <root url="jrt://D:/Software/Java/jdk-11.0.16.1!/jdk.internal.jvmstat" type="simple" />
            <root url="jrt://D:/Software/Java/jdk-11.0.16.1!/jdk.internal.le" type="simple" />
            <root url="jrt://D:/Software/Java/jdk-11.0.16.1!/jdk.internal.opt" type="simple" />
            <root url="jrt://D:/Software/Java/jdk-11.0.16.1!/jdk.internal.vm.ci" type="simple" />
            <root url="jrt://D:/Software/Java/jdk-11.0.16.1!/jdk.internal.vm.compiler" type="simple" />
            <root url="jrt://D:/Software/Java/jdk-11.0.16.1!/jdk.internal.vm.compiler.management" type="simple" />
            <root url="jrt://D:/Software/Java/jdk-11.0.16.1!/jdk.jartool" type="simple" />
            <root url="jrt://D:/Software/Java/jdk-11.0.16.1!/jdk.javadoc" type="simple" />
            <root url="jrt://D:/Software/Java/jdk-11.0.16.1!/jdk.jcmd" type="simple" />
            <root url="jrt://D:/Software/Java/jdk-11.0.16.1!/jdk.jconsole" type="simple" />
            <root url="jrt://D:/Software/Java/jdk-11.0.16.1!/jdk.jdeps" type="simple" />
            <root url="jrt://D:/Software/Java/jdk-11.0.16.1!/jdk.jdi" type="simple" />
            <root url="jrt://D:/Software/Java/jdk-11.0.16.1!/jdk.jdwp.agent" type="simple" />
            <root url="jrt://D:/Software/Java/jdk-11.0.16.1!/jdk.jfr" type="simple" />
            <root url="jrt://D:/Software/Java/jdk-11.0.16.1!/jdk.jlink" type="simple" />
            <root url="jrt://D:/Software/Java/jdk-11.0.16.1!/jdk.jshell" type="simple" />
            <root url="jrt://D:/Software/Java/jdk-11.0.16.1!/jdk.jsobject" type="simple" />
            <root url="jrt://D:/Software/Java/jdk-11.0.16.1!/jdk.jstatd" type="simple" />
            <root url="jrt://D:/Software/Java/jdk-11.0.16.1!/jdk.localedata" type="simple" />
            <root url="jrt://D:/Software/Java/jdk-11.0.16.1!/jdk.management" type="simple" />
            <root url="jrt://D:/Software/Java/jdk-11.0.16.1!/jdk.management.agent" type="simple" />
            <root url="jrt://D:/Software/Java/jdk-11.0.16.1!/jdk.management.jfr" type="simple" />
            <root url="jrt://D:/Software/Java/jdk-11.0.16.1!/jdk.naming.dns" type="simple" />
            <root url="jrt://D:/Software/Java/jdk-11.0.16.1!/jdk.naming.ldap" type="simple" />
            <root url="jrt://D:/Software/Java/jdk-11.0.16.1!/jdk.naming.rmi" type="simple" />
            <root url="jrt://D:/Software/Java/jdk-11.0.16.1!/jdk.net" type="simple" />
            <root url="jrt://D:/Software/Java/jdk-11.0.16.1!/jdk.pack" type="simple" />
            <root url="jrt://D:/Software/Java/jdk-11.0.16.1!/jdk.rmic" type="simple" />
            <root url="jrt://D:/Software/Java/jdk-11.0.16.1!/jdk.scripting.nashorn" type="simple" />
            <root url="jrt://D:/Software/Java/jdk-11.0.16.1!/jdk.scripting.nashorn.shell" type="simple" />
            <root url="jrt://D:/Software/Java/jdk-11.0.16.1!/jdk.sctp" type="simple" />
            <root url="jrt://D:/Software/Java/jdk-11.0.16.1!/jdk.security.auth" type="simple" />
            <root url="jrt://D:/Software/Java/jdk-11.0.16.1!/jdk.security.jgss" type="simple" />
            <root url="jrt://D:/Software/Java/jdk-11.0.16.1!/jdk.unsupported" type="simple" />
            <root url="jrt://D:/Software/Java/jdk-11.0.16.1!/jdk.unsupported.desktop" type="simple" />
            <root url="jrt://D:/Software/Java/jdk-11.0.16.1!/jdk.xml.dom" type="simple" />
            <root url="jrt://D:/Software/Java/jdk-11.0.16.1!/jdk.zipfs" type="simple" />
          </root>
        </classPath>
        <javadocPath>
          <root type="composite" />
        </javadocPath>
        <sourcePath>
          <root type="composite">
            <root url="jar://D:/Software/Java/jdk-11.0.16.1/lib/src.zip!/java.se" type="simple" />
            <root url="jar://D:/Software/Java/jdk-11.0.16.1/lib/src.zip!/jdk.jdi" type="simple" />
            <root url="jar://D:/Software/Java/jdk-11.0.16.1/lib/src.zip!/jdk.jfr" type="simple" />
            <root url="jar://D:/Software/Java/jdk-11.0.16.1/lib/src.zip!/jdk.net" type="simple" />
            <root url="jar://D:/Software/Java/jdk-11.0.16.1/lib/src.zip!/java.rmi" type="simple" />
            <root url="jar://D:/Software/Java/jdk-11.0.16.1/lib/src.zip!/java.sql" type="simple" />
            <root url="jar://D:/Software/Java/jdk-11.0.16.1/lib/src.zip!/java.xml" type="simple" />
            <root url="jar://D:/Software/Java/jdk-11.0.16.1/lib/src.zip!/jdk.jcmd" type="simple" />
            <root url="jar://D:/Software/Java/jdk-11.0.16.1/lib/src.zip!/jdk.pack" type="simple" />
            <root url="jar://D:/Software/Java/jdk-11.0.16.1/lib/src.zip!/jdk.rmic" type="simple" />
            <root url="jar://D:/Software/Java/jdk-11.0.16.1/lib/src.zip!/jdk.sctp" type="simple" />
            <root url="jar://D:/Software/Java/jdk-11.0.16.1/lib/src.zip!/java.base" type="simple" />
            <root url="jar://D:/Software/Java/jdk-11.0.16.1/lib/src.zip!/jdk.jdeps" type="simple" />
            <root url="jar://D:/Software/Java/jdk-11.0.16.1/lib/src.zip!/jdk.jlink" type="simple" />
            <root url="jar://D:/Software/Java/jdk-11.0.16.1/lib/src.zip!/jdk.zipfs" type="simple" />
            <root url="jar://D:/Software/Java/jdk-11.0.16.1/lib/src.zip!/java.prefs" type="simple" />
            <root url="jar://D:/Software/Java/jdk-11.0.16.1/lib/src.zip!/jdk.attach" type="simple" />
            <root url="jar://D:/Software/Java/jdk-11.0.16.1/lib/src.zip!/jdk.jshell" type="simple" />
            <root url="jar://D:/Software/Java/jdk-11.0.16.1/lib/src.zip!/jdk.jstatd" type="simple" />
            <root url="jar://D:/Software/Java/jdk-11.0.16.1/lib/src.zip!/java.naming" type="simple" />
            <root url="jar://D:/Software/Java/jdk-11.0.16.1/lib/src.zip!/jdk.editpad" type="simple" />
            <root url="jar://D:/Software/Java/jdk-11.0.16.1/lib/src.zip!/jdk.jartool" type="simple" />
            <root url="jar://D:/Software/Java/jdk-11.0.16.1/lib/src.zip!/jdk.javadoc" type="simple" />
            <root url="jar://D:/Software/Java/jdk-11.0.16.1/lib/src.zip!/jdk.xml.dom" type="simple" />
            <root url="jar://D:/Software/Java/jdk-11.0.16.1/lib/src.zip!/java.desktop" type="simple" />
            <root url="jar://D:/Software/Java/jdk-11.0.16.1/lib/src.zip!/java.logging" type="simple" />
            <root url="jar://D:/Software/Java/jdk-11.0.16.1/lib/src.zip!/jdk.charsets" type="simple" />
            <root url="jar://D:/Software/Java/jdk-11.0.16.1/lib/src.zip!/jdk.compiler" type="simple" />
            <root url="jar://D:/Software/Java/jdk-11.0.16.1/lib/src.zip!/jdk.dynalink" type="simple" />
            <root url="jar://D:/Software/Java/jdk-11.0.16.1/lib/src.zip!/jdk.jconsole" type="simple" />
            <root url="jar://D:/Software/Java/jdk-11.0.16.1/lib/src.zip!/jdk.jsobject" type="simple" />
            <root url="jar://D:/Software/Java/jdk-11.0.16.1/lib/src.zip!/java.compiler" type="simple" />
            <root url="jar://D:/Software/Java/jdk-11.0.16.1/lib/src.zip!/java.net.http" type="simple" />
            <root url="jar://D:/Software/Java/jdk-11.0.16.1/lib/src.zip!/jdk.crypto.ec" type="simple" />
            <root url="jar://D:/Software/Java/jdk-11.0.16.1/lib/src.zip!/java.scripting" type="simple" />
            <root url="jar://D:/Software/Java/jdk-11.0.16.1/lib/src.zip!/jdk.httpserver" type="simple" />
            <root url="jar://D:/Software/Java/jdk-11.0.16.1/lib/src.zip!/jdk.jdwp.agent" type="simple" />
            <root url="jar://D:/Software/Java/jdk-11.0.16.1/lib/src.zip!/jdk.localedata" type="simple" />
            <root url="jar://D:/Software/Java/jdk-11.0.16.1/lib/src.zip!/jdk.management" type="simple" />
            <root url="jar://D:/Software/Java/jdk-11.0.16.1/lib/src.zip!/jdk.naming.dns" type="simple" />
            <root url="jar://D:/Software/Java/jdk-11.0.16.1/lib/src.zip!/jdk.naming.rmi" type="simple" />
            <root url="jar://D:/Software/Java/jdk-11.0.16.1/lib/src.zip!/java.instrument" type="simple" />
            <root url="jar://D:/Software/Java/jdk-11.0.16.1/lib/src.zip!/java.management" type="simple" />
            <root url="jar://D:/Software/Java/jdk-11.0.16.1/lib/src.zip!/java.sql.rowset" type="simple" />
            <root url="jar://D:/Software/Java/jdk-11.0.16.1/lib/src.zip!/java.xml.crypto" type="simple" />
            <root url="jar://D:/Software/Java/jdk-11.0.16.1/lib/src.zip!/jdk.internal.ed" type="simple" />
            <root url="jar://D:/Software/Java/jdk-11.0.16.1/lib/src.zip!/jdk.internal.le" type="simple" />
            <root url="jar://D:/Software/Java/jdk-11.0.16.1/lib/src.zip!/jdk.naming.ldap" type="simple" />
            <root url="jar://D:/Software/Java/jdk-11.0.16.1/lib/src.zip!/jdk.unsupported" type="simple" />
            <root url="jar://D:/Software/Java/jdk-11.0.16.1/lib/src.zip!/java.smartcardio" type="simple" />
            <root url="jar://D:/Software/Java/jdk-11.0.16.1/lib/src.zip!/jdk.internal.opt" type="simple" />
            <root url="jar://D:/Software/Java/jdk-11.0.16.1/lib/src.zip!/java.datatransfer" type="simple" />
            <root url="jar://D:/Software/Java/jdk-11.0.16.1/lib/src.zip!/jdk.accessibility" type="simple" />
            <root url="jar://D:/Software/Java/jdk-11.0.16.1/lib/src.zip!/jdk.crypto.mscapi" type="simple" />
            <root url="jar://D:/Software/Java/jdk-11.0.16.1/lib/src.zip!/jdk.hotspot.agent" type="simple" />
            <root url="jar://D:/Software/Java/jdk-11.0.16.1/lib/src.zip!/jdk.security.auth" type="simple" />
            <root url="jar://D:/Software/Java/jdk-11.0.16.1/lib/src.zip!/jdk.security.jgss" type="simple" />
            <root url="jar://D:/Software/Java/jdk-11.0.16.1/lib/src.zip!/java.security.jgss" type="simple" />
            <root url="jar://D:/Software/Java/jdk-11.0.16.1/lib/src.zip!/java.security.sasl" type="simple" />
            <root url="jar://D:/Software/Java/jdk-11.0.16.1/lib/src.zip!/jdk.internal.vm.ci" type="simple" />
            <root url="jar://D:/Software/Java/jdk-11.0.16.1/lib/src.zip!/jdk.management.jfr" type="simple" />
            <root url="jar://D:/Software/Java/jdk-11.0.16.1/lib/src.zip!/java.management.rmi" type="simple" />
            <root url="jar://D:/Software/Java/jdk-11.0.16.1/lib/src.zip!/java.transaction.xa" type="simple" />
            <root url="jar://D:/Software/Java/jdk-11.0.16.1/lib/src.zip!/jdk.crypto.cryptoki" type="simple" />
            <root url="jar://D:/Software/Java/jdk-11.0.16.1/lib/src.zip!/jdk.internal.jvmstat" type="simple" />
            <root url="jar://D:/Software/Java/jdk-11.0.16.1/lib/src.zip!/jdk.management.agent" type="simple" />
            <root url="jar://D:/Software/Java/jdk-11.0.16.1/lib/src.zip!/jdk.scripting.nashorn" type="simple" />
            <root url="jar://D:/Software/Java/jdk-11.0.16.1/lib/src.zip!/jdk.unsupported.desktop" type="simple" />
            <root url="jar://D:/Software/Java/jdk-11.0.16.1/lib/src.zip!/jdk.internal.vm.compiler" type="simple" />
            <root url="jar://D:/Software/Java/jdk-11.0.16.1/lib/src.zip!/jdk.scripting.nashorn.shell" type="simple" />
            <root url="jar://D:/Software/Java/jdk-11.0.16.1/lib/src.zip!/jdk.internal.vm.compiler.management" type="simple" />
          </root>
        </sourcePath>
      </roots>
      <additional />
    </jdk>
    <jdk version="2">
      <name value="17" />
      <type value="JavaSDK" />
      <version value="Oracle OpenJDK version 17.0.5" />
      <homePath value="D:/Software/Java/jdk-17.0.5" />
      <roots>
        <annotationsPath>
          <root type="composite">
            <root url="jar://$APPLICATION_HOME_DIR$/plugins/java/lib/resources/jdkAnnotations.jar!/" type="simple" />
          </root>
        </annotationsPath>
        <classPath>
          <root type="composite">
            <root url="jrt://D:/Software/Java/jdk-17.0.5!/java.base" type="simple" />
            <root url="jrt://D:/Software/Java/jdk-17.0.5!/java.compiler" type="simple" />
            <root url="jrt://D:/Software/Java/jdk-17.0.5!/java.datatransfer" type="simple" />
            <root url="jrt://D:/Software/Java/jdk-17.0.5!/java.desktop" type="simple" />
            <root url="jrt://D:/Software/Java/jdk-17.0.5!/java.instrument" type="simple" />
            <root url="jrt://D:/Software/Java/jdk-17.0.5!/java.logging" type="simple" />
            <root url="jrt://D:/Software/Java/jdk-17.0.5!/java.management" type="simple" />
            <root url="jrt://D:/Software/Java/jdk-17.0.5!/java.management.rmi" type="simple" />
            <root url="jrt://D:/Software/Java/jdk-17.0.5!/java.naming" type="simple" />
            <root url="jrt://D:/Software/Java/jdk-17.0.5!/java.net.http" type="simple" />
            <root url="jrt://D:/Software/Java/jdk-17.0.5!/java.prefs" type="simple" />
            <root url="jrt://D:/Software/Java/jdk-17.0.5!/java.rmi" type="simple" />
            <root url="jrt://D:/Software/Java/jdk-17.0.5!/java.scripting" type="simple" />
            <root url="jrt://D:/Software/Java/jdk-17.0.5!/java.se" type="simple" />
            <root url="jrt://D:/Software/Java/jdk-17.0.5!/java.security.jgss" type="simple" />
            <root url="jrt://D:/Software/Java/jdk-17.0.5!/java.security.sasl" type="simple" />
            <root url="jrt://D:/Software/Java/jdk-17.0.5!/java.smartcardio" type="simple" />
            <root url="jrt://D:/Software/Java/jdk-17.0.5!/java.sql" type="simple" />
            <root url="jrt://D:/Software/Java/jdk-17.0.5!/java.sql.rowset" type="simple" />
            <root url="jrt://D:/Software/Java/jdk-17.0.5!/java.transaction.xa" type="simple" />
            <root url="jrt://D:/Software/Java/jdk-17.0.5!/java.xml" type="simple" />
            <root url="jrt://D:/Software/Java/jdk-17.0.5!/java.xml.crypto" type="simple" />
            <root url="jrt://D:/Software/Java/jdk-17.0.5!/jdk.accessibility" type="simple" />
            <root url="jrt://D:/Software/Java/jdk-17.0.5!/jdk.attach" type="simple" />
            <root url="jrt://D:/Software/Java/jdk-17.0.5!/jdk.charsets" type="simple" />
            <root url="jrt://D:/Software/Java/jdk-17.0.5!/jdk.compiler" type="simple" />
            <root url="jrt://D:/Software/Java/jdk-17.0.5!/jdk.crypto.cryptoki" type="simple" />
            <root url="jrt://D:/Software/Java/jdk-17.0.5!/jdk.crypto.ec" type="simple" />
            <root url="jrt://D:/Software/Java/jdk-17.0.5!/jdk.crypto.mscapi" type="simple" />
            <root url="jrt://D:/Software/Java/jdk-17.0.5!/jdk.dynalink" type="simple" />
            <root url="jrt://D:/Software/Java/jdk-17.0.5!/jdk.editpad" type="simple" />
            <root url="jrt://D:/Software/Java/jdk-17.0.5!/jdk.hotspot.agent" type="simple" />
            <root url="jrt://D:/Software/Java/jdk-17.0.5!/jdk.httpserver" type="simple" />
            <root url="jrt://D:/Software/Java/jdk-17.0.5!/jdk.incubator.foreign" type="simple" />
            <root url="jrt://D:/Software/Java/jdk-17.0.5!/jdk.incubator.vector" type="simple" />
            <root url="jrt://D:/Software/Java/jdk-17.0.5!/jdk.internal.ed" type="simple" />
            <root url="jrt://D:/Software/Java/jdk-17.0.5!/jdk.internal.jvmstat" type="simple" />
            <root url="jrt://D:/Software/Java/jdk-17.0.5!/jdk.internal.le" type="simple" />
            <root url="jrt://D:/Software/Java/jdk-17.0.5!/jdk.internal.opt" type="simple" />
            <root url="jrt://D:/Software/Java/jdk-17.0.5!/jdk.internal.vm.ci" type="simple" />
            <root url="jrt://D:/Software/Java/jdk-17.0.5!/jdk.internal.vm.compiler" type="simple" />
            <root url="jrt://D:/Software/Java/jdk-17.0.5!/jdk.internal.vm.compiler.management" type="simple" />
            <root url="jrt://D:/Software/Java/jdk-17.0.5!/jdk.jartool" type="simple" />
            <root url="jrt://D:/Software/Java/jdk-17.0.5!/jdk.javadoc" type="simple" />
            <root url="jrt://D:/Software/Java/jdk-17.0.5!/jdk.jcmd" type="simple" />
            <root url="jrt://D:/Software/Java/jdk-17.0.5!/jdk.jconsole" type="simple" />
            <root url="jrt://D:/Software/Java/jdk-17.0.5!/jdk.jdeps" type="simple" />
            <root url="jrt://D:/Software/Java/jdk-17.0.5!/jdk.jdi" type="simple" />
            <root url="jrt://D:/Software/Java/jdk-17.0.5!/jdk.jdwp.agent" type="simple" />
            <root url="jrt://D:/Software/Java/jdk-17.0.5!/jdk.jfr" type="simple" />
            <root url="jrt://D:/Software/Java/jdk-17.0.5!/jdk.jlink" type="simple" />
            <root url="jrt://D:/Software/Java/jdk-17.0.5!/jdk.jpackage" type="simple" />
            <root url="jrt://D:/Software/Java/jdk-17.0.5!/jdk.jshell" type="simple" />
            <root url="jrt://D:/Software/Java/jdk-17.0.5!/jdk.jsobject" type="simple" />
            <root url="jrt://D:/Software/Java/jdk-17.0.5!/jdk.jstatd" type="simple" />
            <root url="jrt://D:/Software/Java/jdk-17.0.5!/jdk.localedata" type="simple" />
            <root url="jrt://D:/Software/Java/jdk-17.0.5!/jdk.management" type="simple" />
            <root url="jrt://D:/Software/Java/jdk-17.0.5!/jdk.management.agent" type="simple" />
            <root url="jrt://D:/Software/Java/jdk-17.0.5!/jdk.management.jfr" type="simple" />
            <root url="jrt://D:/Software/Java/jdk-17.0.5!/jdk.naming.dns" type="simple" />
            <root url="jrt://D:/Software/Java/jdk-17.0.5!/jdk.naming.rmi" type="simple" />
            <root url="jrt://D:/Software/Java/jdk-17.0.5!/jdk.net" type="simple" />
            <root url="jrt://D:/Software/Java/jdk-17.0.5!/jdk.nio.mapmode" type="simple" />
            <root url="jrt://D:/Software/Java/jdk-17.0.5!/jdk.random" type="simple" />
            <root url="jrt://D:/Software/Java/jdk-17.0.5!/jdk.sctp" type="simple" />
            <root url="jrt://D:/Software/Java/jdk-17.0.5!/jdk.security.auth" type="simple" />
            <root url="jrt://D:/Software/Java/jdk-17.0.5!/jdk.security.jgss" type="simple" />
            <root url="jrt://D:/Software/Java/jdk-17.0.5!/jdk.unsupported" type="simple" />
            <root url="jrt://D:/Software/Java/jdk-17.0.5!/jdk.unsupported.desktop" type="simple" />
            <root url="jrt://D:/Software/Java/jdk-17.0.5!/jdk.xml.dom" type="simple" />
            <root url="jrt://D:/Software/Java/jdk-17.0.5!/jdk.zipfs" type="simple" />
          </root>
        </classPath>
        <javadocPath>
          <root type="composite" />
        </javadocPath>
        <sourcePath>
          <root type="composite">
            <root url="jar://D:/Software/Java/jdk-17.0.5/lib/src.zip!/java.se" type="simple" />
            <root url="jar://D:/Software/Java/jdk-17.0.5/lib/src.zip!/jdk.jdi" type="simple" />
            <root url="jar://D:/Software/Java/jdk-17.0.5/lib/src.zip!/jdk.jfr" type="simple" />
            <root url="jar://D:/Software/Java/jdk-17.0.5/lib/src.zip!/jdk.net" type="simple" />
            <root url="jar://D:/Software/Java/jdk-17.0.5/lib/src.zip!/java.rmi" type="simple" />
            <root url="jar://D:/Software/Java/jdk-17.0.5/lib/src.zip!/java.sql" type="simple" />
            <root url="jar://D:/Software/Java/jdk-17.0.5/lib/src.zip!/java.xml" type="simple" />
            <root url="jar://D:/Software/Java/jdk-17.0.5/lib/src.zip!/jdk.jcmd" type="simple" />
            <root url="jar://D:/Software/Java/jdk-17.0.5/lib/src.zip!/jdk.sctp" type="simple" />
            <root url="jar://D:/Software/Java/jdk-17.0.5/lib/src.zip!/java.base" type="simple" />
            <root url="jar://D:/Software/Java/jdk-17.0.5/lib/src.zip!/jdk.jdeps" type="simple" />
            <root url="jar://D:/Software/Java/jdk-17.0.5/lib/src.zip!/jdk.jlink" type="simple" />
            <root url="jar://D:/Software/Java/jdk-17.0.5/lib/src.zip!/jdk.zipfs" type="simple" />
            <root url="jar://D:/Software/Java/jdk-17.0.5/lib/src.zip!/java.prefs" type="simple" />
            <root url="jar://D:/Software/Java/jdk-17.0.5/lib/src.zip!/jdk.attach" type="simple" />
            <root url="jar://D:/Software/Java/jdk-17.0.5/lib/src.zip!/jdk.jshell" type="simple" />
            <root url="jar://D:/Software/Java/jdk-17.0.5/lib/src.zip!/jdk.jstatd" type="simple" />
            <root url="jar://D:/Software/Java/jdk-17.0.5/lib/src.zip!/jdk.random" type="simple" />
            <root url="jar://D:/Software/Java/jdk-17.0.5/lib/src.zip!/java.naming" type="simple" />
            <root url="jar://D:/Software/Java/jdk-17.0.5/lib/src.zip!/jdk.editpad" type="simple" />
            <root url="jar://D:/Software/Java/jdk-17.0.5/lib/src.zip!/jdk.jartool" type="simple" />
            <root url="jar://D:/Software/Java/jdk-17.0.5/lib/src.zip!/jdk.javadoc" type="simple" />
            <root url="jar://D:/Software/Java/jdk-17.0.5/lib/src.zip!/jdk.xml.dom" type="simple" />
            <root url="jar://D:/Software/Java/jdk-17.0.5/lib/src.zip!/java.desktop" type="simple" />
            <root url="jar://D:/Software/Java/jdk-17.0.5/lib/src.zip!/java.logging" type="simple" />
            <root url="jar://D:/Software/Java/jdk-17.0.5/lib/src.zip!/jdk.charsets" type="simple" />
            <root url="jar://D:/Software/Java/jdk-17.0.5/lib/src.zip!/jdk.compiler" type="simple" />
            <root url="jar://D:/Software/Java/jdk-17.0.5/lib/src.zip!/jdk.dynalink" type="simple" />
            <root url="jar://D:/Software/Java/jdk-17.0.5/lib/src.zip!/jdk.jconsole" type="simple" />
            <root url="jar://D:/Software/Java/jdk-17.0.5/lib/src.zip!/jdk.jpackage" type="simple" />
            <root url="jar://D:/Software/Java/jdk-17.0.5/lib/src.zip!/jdk.jsobject" type="simple" />
            <root url="jar://D:/Software/Java/jdk-17.0.5/lib/src.zip!/java.compiler" type="simple" />
            <root url="jar://D:/Software/Java/jdk-17.0.5/lib/src.zip!/java.net.http" type="simple" />
            <root url="jar://D:/Software/Java/jdk-17.0.5/lib/src.zip!/jdk.crypto.ec" type="simple" />
            <root url="jar://D:/Software/Java/jdk-17.0.5/lib/src.zip!/java.scripting" type="simple" />
            <root url="jar://D:/Software/Java/jdk-17.0.5/lib/src.zip!/jdk.httpserver" type="simple" />
            <root url="jar://D:/Software/Java/jdk-17.0.5/lib/src.zip!/jdk.jdwp.agent" type="simple" />
            <root url="jar://D:/Software/Java/jdk-17.0.5/lib/src.zip!/jdk.localedata" type="simple" />
            <root url="jar://D:/Software/Java/jdk-17.0.5/lib/src.zip!/jdk.management" type="simple" />
            <root url="jar://D:/Software/Java/jdk-17.0.5/lib/src.zip!/jdk.naming.dns" type="simple" />
            <root url="jar://D:/Software/Java/jdk-17.0.5/lib/src.zip!/jdk.naming.rmi" type="simple" />
            <root url="jar://D:/Software/Java/jdk-17.0.5/lib/src.zip!/java.instrument" type="simple" />
            <root url="jar://D:/Software/Java/jdk-17.0.5/lib/src.zip!/java.management" type="simple" />
            <root url="jar://D:/Software/Java/jdk-17.0.5/lib/src.zip!/java.sql.rowset" type="simple" />
            <root url="jar://D:/Software/Java/jdk-17.0.5/lib/src.zip!/java.xml.crypto" type="simple" />
            <root url="jar://D:/Software/Java/jdk-17.0.5/lib/src.zip!/jdk.internal.ed" type="simple" />
            <root url="jar://D:/Software/Java/jdk-17.0.5/lib/src.zip!/jdk.internal.le" type="simple" />
            <root url="jar://D:/Software/Java/jdk-17.0.5/lib/src.zip!/jdk.nio.mapmode" type="simple" />
            <root url="jar://D:/Software/Java/jdk-17.0.5/lib/src.zip!/jdk.unsupported" type="simple" />
            <root url="jar://D:/Software/Java/jdk-17.0.5/lib/src.zip!/java.smartcardio" type="simple" />
            <root url="jar://D:/Software/Java/jdk-17.0.5/lib/src.zip!/jdk.internal.opt" type="simple" />
            <root url="jar://D:/Software/Java/jdk-17.0.5/lib/src.zip!/java.datatransfer" type="simple" />
            <root url="jar://D:/Software/Java/jdk-17.0.5/lib/src.zip!/jdk.accessibility" type="simple" />
            <root url="jar://D:/Software/Java/jdk-17.0.5/lib/src.zip!/jdk.crypto.mscapi" type="simple" />
            <root url="jar://D:/Software/Java/jdk-17.0.5/lib/src.zip!/jdk.hotspot.agent" type="simple" />
            <root url="jar://D:/Software/Java/jdk-17.0.5/lib/src.zip!/jdk.security.auth" type="simple" />
            <root url="jar://D:/Software/Java/jdk-17.0.5/lib/src.zip!/jdk.security.jgss" type="simple" />
            <root url="jar://D:/Software/Java/jdk-17.0.5/lib/src.zip!/java.security.jgss" type="simple" />
            <root url="jar://D:/Software/Java/jdk-17.0.5/lib/src.zip!/java.security.sasl" type="simple" />
            <root url="jar://D:/Software/Java/jdk-17.0.5/lib/src.zip!/jdk.internal.vm.ci" type="simple" />
            <root url="jar://D:/Software/Java/jdk-17.0.5/lib/src.zip!/jdk.management.jfr" type="simple" />
            <root url="jar://D:/Software/Java/jdk-17.0.5/lib/src.zip!/java.management.rmi" type="simple" />
            <root url="jar://D:/Software/Java/jdk-17.0.5/lib/src.zip!/java.transaction.xa" type="simple" />
            <root url="jar://D:/Software/Java/jdk-17.0.5/lib/src.zip!/jdk.crypto.cryptoki" type="simple" />
            <root url="jar://D:/Software/Java/jdk-17.0.5/lib/src.zip!/jdk.incubator.vector" type="simple" />
            <root url="jar://D:/Software/Java/jdk-17.0.5/lib/src.zip!/jdk.internal.jvmstat" type="simple" />
            <root url="jar://D:/Software/Java/jdk-17.0.5/lib/src.zip!/jdk.management.agent" type="simple" />
            <root url="jar://D:/Software/Java/jdk-17.0.5/lib/src.zip!/jdk.incubator.foreign" type="simple" />
            <root url="jar://D:/Software/Java/jdk-17.0.5/lib/src.zip!/jdk.unsupported.desktop" type="simple" />
            <root url="jar://D:/Software/Java/jdk-17.0.5/lib/src.zip!/jdk.internal.vm.compiler" type="simple" />
            <root url="jar://D:/Software/Java/jdk-17.0.5/lib/src.zip!/jdk.internal.vm.compiler.management" type="simple" />
          </root>
        </sourcePath>
      </roots>
    </jdk>
    <jdk version="2">
      <name value="21" />
      <type value="JavaSDK" />
      <version value="Oracle OpenJDK 21.0.1" />
      <homePath value="D:/Software/Java/jdk-21" />
      <roots>
        <annotationsPath>
          <root type="composite">
            <root url="jar://$APPLICATION_HOME_DIR$/plugins/java/lib/resources/jdkAnnotations.jar!/" type="simple" />
          </root>
        </annotationsPath>
        <classPath>
          <root type="composite">
            <root url="jrt://D:/Software/Java/jdk-21!/java.base" type="simple" />
            <root url="jrt://D:/Software/Java/jdk-21!/java.compiler" type="simple" />
            <root url="jrt://D:/Software/Java/jdk-21!/java.datatransfer" type="simple" />
            <root url="jrt://D:/Software/Java/jdk-21!/java.desktop" type="simple" />
            <root url="jrt://D:/Software/Java/jdk-21!/java.instrument" type="simple" />
            <root url="jrt://D:/Software/Java/jdk-21!/java.logging" type="simple" />
            <root url="jrt://D:/Software/Java/jdk-21!/java.management" type="simple" />
            <root url="jrt://D:/Software/Java/jdk-21!/java.management.rmi" type="simple" />
            <root url="jrt://D:/Software/Java/jdk-21!/java.naming" type="simple" />
            <root url="jrt://D:/Software/Java/jdk-21!/java.net.http" type="simple" />
            <root url="jrt://D:/Software/Java/jdk-21!/java.prefs" type="simple" />
            <root url="jrt://D:/Software/Java/jdk-21!/java.rmi" type="simple" />
            <root url="jrt://D:/Software/Java/jdk-21!/java.scripting" type="simple" />
            <root url="jrt://D:/Software/Java/jdk-21!/java.se" type="simple" />
            <root url="jrt://D:/Software/Java/jdk-21!/java.security.jgss" type="simple" />
            <root url="jrt://D:/Software/Java/jdk-21!/java.security.sasl" type="simple" />
            <root url="jrt://D:/Software/Java/jdk-21!/java.smartcardio" type="simple" />
            <root url="jrt://D:/Software/Java/jdk-21!/java.sql" type="simple" />
            <root url="jrt://D:/Software/Java/jdk-21!/java.sql.rowset" type="simple" />
            <root url="jrt://D:/Software/Java/jdk-21!/java.transaction.xa" type="simple" />
            <root url="jrt://D:/Software/Java/jdk-21!/java.xml" type="simple" />
            <root url="jrt://D:/Software/Java/jdk-21!/java.xml.crypto" type="simple" />
            <root url="jrt://D:/Software/Java/jdk-21!/jdk.accessibility" type="simple" />
            <root url="jrt://D:/Software/Java/jdk-21!/jdk.attach" type="simple" />
            <root url="jrt://D:/Software/Java/jdk-21!/jdk.charsets" type="simple" />
            <root url="jrt://D:/Software/Java/jdk-21!/jdk.compiler" type="simple" />
            <root url="jrt://D:/Software/Java/jdk-21!/jdk.crypto.cryptoki" type="simple" />
            <root url="jrt://D:/Software/Java/jdk-21!/jdk.crypto.ec" type="simple" />
            <root url="jrt://D:/Software/Java/jdk-21!/jdk.crypto.mscapi" type="simple" />
            <root url="jrt://D:/Software/Java/jdk-21!/jdk.dynalink" type="simple" />
            <root url="jrt://D:/Software/Java/jdk-21!/jdk.editpad" type="simple" />
            <root url="jrt://D:/Software/Java/jdk-21!/jdk.hotspot.agent" type="simple" />
            <root url="jrt://D:/Software/Java/jdk-21!/jdk.httpserver" type="simple" />
            <root url="jrt://D:/Software/Java/jdk-21!/jdk.incubator.vector" type="simple" />
            <root url="jrt://D:/Software/Java/jdk-21!/jdk.internal.ed" type="simple" />
            <root url="jrt://D:/Software/Java/jdk-21!/jdk.internal.jvmstat" type="simple" />
            <root url="jrt://D:/Software/Java/jdk-21!/jdk.internal.le" type="simple" />
            <root url="jrt://D:/Software/Java/jdk-21!/jdk.internal.opt" type="simple" />
            <root url="jrt://D:/Software/Java/jdk-21!/jdk.internal.vm.ci" type="simple" />
            <root url="jrt://D:/Software/Java/jdk-21!/jdk.internal.vm.compiler" type="simple" />
            <root url="jrt://D:/Software/Java/jdk-21!/jdk.internal.vm.compiler.management" type="simple" />
            <root url="jrt://D:/Software/Java/jdk-21!/jdk.jartool" type="simple" />
            <root url="jrt://D:/Software/Java/jdk-21!/jdk.javadoc" type="simple" />
            <root url="jrt://D:/Software/Java/jdk-21!/jdk.jcmd" type="simple" />
            <root url="jrt://D:/Software/Java/jdk-21!/jdk.jconsole" type="simple" />
            <root url="jrt://D:/Software/Java/jdk-21!/jdk.jdeps" type="simple" />
            <root url="jrt://D:/Software/Java/jdk-21!/jdk.jdi" type="simple" />
            <root url="jrt://D:/Software/Java/jdk-21!/jdk.jdwp.agent" type="simple" />
            <root url="jrt://D:/Software/Java/jdk-21!/jdk.jfr" type="simple" />
            <root url="jrt://D:/Software/Java/jdk-21!/jdk.jlink" type="simple" />
            <root url="jrt://D:/Software/Java/jdk-21!/jdk.jpackage" type="simple" />
            <root url="jrt://D:/Software/Java/jdk-21!/jdk.jshell" type="simple" />
            <root url="jrt://D:/Software/Java/jdk-21!/jdk.jsobject" type="simple" />
            <root url="jrt://D:/Software/Java/jdk-21!/jdk.jstatd" type="simple" />
            <root url="jrt://D:/Software/Java/jdk-21!/jdk.localedata" type="simple" />
            <root url="jrt://D:/Software/Java/jdk-21!/jdk.management" type="simple" />
            <root url="jrt://D:/Software/Java/jdk-21!/jdk.management.agent" type="simple" />
            <root url="jrt://D:/Software/Java/jdk-21!/jdk.management.jfr" type="simple" />
            <root url="jrt://D:/Software/Java/jdk-21!/jdk.naming.dns" type="simple" />
            <root url="jrt://D:/Software/Java/jdk-21!/jdk.naming.rmi" type="simple" />
            <root url="jrt://D:/Software/Java/jdk-21!/jdk.net" type="simple" />
            <root url="jrt://D:/Software/Java/jdk-21!/jdk.nio.mapmode" type="simple" />
            <root url="jrt://D:/Software/Java/jdk-21!/jdk.random" type="simple" />
            <root url="jrt://D:/Software/Java/jdk-21!/jdk.sctp" type="simple" />
            <root url="jrt://D:/Software/Java/jdk-21!/jdk.security.auth" type="simple" />
            <root url="jrt://D:/Software/Java/jdk-21!/jdk.security.jgss" type="simple" />
            <root url="jrt://D:/Software/Java/jdk-21!/jdk.unsupported" type="simple" />
            <root url="jrt://D:/Software/Java/jdk-21!/jdk.unsupported.desktop" type="simple" />
            <root url="jrt://D:/Software/Java/jdk-21!/jdk.xml.dom" type="simple" />
            <root url="jrt://D:/Software/Java/jdk-21!/jdk.zipfs" type="simple" />
          </root>
        </classPath>
        <javadocPath>
          <root type="composite" />
        </javadocPath>
        <sourcePath>
          <root type="composite">
            <root url="jar://D:/Software/Java/jdk-21/lib/src.zip!/java.se" type="simple" />
            <root url="jar://D:/Software/Java/jdk-21/lib/src.zip!/jdk.jdi" type="simple" />
            <root url="jar://D:/Software/Java/jdk-21/lib/src.zip!/jdk.jfr" type="simple" />
            <root url="jar://D:/Software/Java/jdk-21/lib/src.zip!/jdk.net" type="simple" />
            <root url="jar://D:/Software/Java/jdk-21/lib/src.zip!/java.rmi" type="simple" />
            <root url="jar://D:/Software/Java/jdk-21/lib/src.zip!/java.sql" type="simple" />
            <root url="jar://D:/Software/Java/jdk-21/lib/src.zip!/java.xml" type="simple" />
            <root url="jar://D:/Software/Java/jdk-21/lib/src.zip!/jdk.jcmd" type="simple" />
            <root url="jar://D:/Software/Java/jdk-21/lib/src.zip!/jdk.sctp" type="simple" />
            <root url="jar://D:/Software/Java/jdk-21/lib/src.zip!/java.base" type="simple" />
            <root url="jar://D:/Software/Java/jdk-21/lib/src.zip!/jdk.jdeps" type="simple" />
            <root url="jar://D:/Software/Java/jdk-21/lib/src.zip!/jdk.jlink" type="simple" />
            <root url="jar://D:/Software/Java/jdk-21/lib/src.zip!/jdk.zipfs" type="simple" />
            <root url="jar://D:/Software/Java/jdk-21/lib/src.zip!/java.prefs" type="simple" />
            <root url="jar://D:/Software/Java/jdk-21/lib/src.zip!/jdk.attach" type="simple" />
            <root url="jar://D:/Software/Java/jdk-21/lib/src.zip!/jdk.jshell" type="simple" />
            <root url="jar://D:/Software/Java/jdk-21/lib/src.zip!/jdk.jstatd" type="simple" />
            <root url="jar://D:/Software/Java/jdk-21/lib/src.zip!/jdk.random" type="simple" />
            <root url="jar://D:/Software/Java/jdk-21/lib/src.zip!/java.naming" type="simple" />
            <root url="jar://D:/Software/Java/jdk-21/lib/src.zip!/jdk.editpad" type="simple" />
            <root url="jar://D:/Software/Java/jdk-21/lib/src.zip!/jdk.jartool" type="simple" />
            <root url="jar://D:/Software/Java/jdk-21/lib/src.zip!/jdk.javadoc" type="simple" />
            <root url="jar://D:/Software/Java/jdk-21/lib/src.zip!/jdk.xml.dom" type="simple" />
            <root url="jar://D:/Software/Java/jdk-21/lib/src.zip!/java.desktop" type="simple" />
            <root url="jar://D:/Software/Java/jdk-21/lib/src.zip!/java.logging" type="simple" />
            <root url="jar://D:/Software/Java/jdk-21/lib/src.zip!/jdk.charsets" type="simple" />
            <root url="jar://D:/Software/Java/jdk-21/lib/src.zip!/jdk.compiler" type="simple" />
            <root url="jar://D:/Software/Java/jdk-21/lib/src.zip!/jdk.dynalink" type="simple" />
            <root url="jar://D:/Software/Java/jdk-21/lib/src.zip!/jdk.jconsole" type="simple" />
            <root url="jar://D:/Software/Java/jdk-21/lib/src.zip!/jdk.jpackage" type="simple" />
            <root url="jar://D:/Software/Java/jdk-21/lib/src.zip!/jdk.jsobject" type="simple" />
            <root url="jar://D:/Software/Java/jdk-21/lib/src.zip!/java.compiler" type="simple" />
            <root url="jar://D:/Software/Java/jdk-21/lib/src.zip!/java.net.http" type="simple" />
            <root url="jar://D:/Software/Java/jdk-21/lib/src.zip!/jdk.crypto.ec" type="simple" />
            <root url="jar://D:/Software/Java/jdk-21/lib/src.zip!/java.scripting" type="simple" />
            <root url="jar://D:/Software/Java/jdk-21/lib/src.zip!/jdk.httpserver" type="simple" />
            <root url="jar://D:/Software/Java/jdk-21/lib/src.zip!/jdk.jdwp.agent" type="simple" />
            <root url="jar://D:/Software/Java/jdk-21/lib/src.zip!/jdk.localedata" type="simple" />
            <root url="jar://D:/Software/Java/jdk-21/lib/src.zip!/jdk.management" type="simple" />
            <root url="jar://D:/Software/Java/jdk-21/lib/src.zip!/jdk.naming.dns" type="simple" />
            <root url="jar://D:/Software/Java/jdk-21/lib/src.zip!/jdk.naming.rmi" type="simple" />
            <root url="jar://D:/Software/Java/jdk-21/lib/src.zip!/java.instrument" type="simple" />
            <root url="jar://D:/Software/Java/jdk-21/lib/src.zip!/java.management" type="simple" />
            <root url="jar://D:/Software/Java/jdk-21/lib/src.zip!/java.sql.rowset" type="simple" />
            <root url="jar://D:/Software/Java/jdk-21/lib/src.zip!/java.xml.crypto" type="simple" />
            <root url="jar://D:/Software/Java/jdk-21/lib/src.zip!/jdk.internal.ed" type="simple" />
            <root url="jar://D:/Software/Java/jdk-21/lib/src.zip!/jdk.internal.le" type="simple" />
            <root url="jar://D:/Software/Java/jdk-21/lib/src.zip!/jdk.nio.mapmode" type="simple" />
            <root url="jar://D:/Software/Java/jdk-21/lib/src.zip!/jdk.unsupported" type="simple" />
            <root url="jar://D:/Software/Java/jdk-21/lib/src.zip!/java.smartcardio" type="simple" />
            <root url="jar://D:/Software/Java/jdk-21/lib/src.zip!/jdk.internal.opt" type="simple" />
            <root url="jar://D:/Software/Java/jdk-21/lib/src.zip!/java.datatransfer" type="simple" />
            <root url="jar://D:/Software/Java/jdk-21/lib/src.zip!/jdk.accessibility" type="simple" />
            <root url="jar://D:/Software/Java/jdk-21/lib/src.zip!/jdk.crypto.mscapi" type="simple" />
            <root url="jar://D:/Software/Java/jdk-21/lib/src.zip!/jdk.hotspot.agent" type="simple" />
            <root url="jar://D:/Software/Java/jdk-21/lib/src.zip!/jdk.security.auth" type="simple" />
            <root url="jar://D:/Software/Java/jdk-21/lib/src.zip!/jdk.security.jgss" type="simple" />
            <root url="jar://D:/Software/Java/jdk-21/lib/src.zip!/java.security.jgss" type="simple" />
            <root url="jar://D:/Software/Java/jdk-21/lib/src.zip!/java.security.sasl" type="simple" />
            <root url="jar://D:/Software/Java/jdk-21/lib/src.zip!/jdk.internal.vm.ci" type="simple" />
            <root url="jar://D:/Software/Java/jdk-21/lib/src.zip!/jdk.management.jfr" type="simple" />
            <root url="jar://D:/Software/Java/jdk-21/lib/src.zip!/java.management.rmi" type="simple" />
            <root url="jar://D:/Software/Java/jdk-21/lib/src.zip!/java.transaction.xa" type="simple" />
            <root url="jar://D:/Software/Java/jdk-21/lib/src.zip!/jdk.crypto.cryptoki" type="simple" />
            <root url="jar://D:/Software/Java/jdk-21/lib/src.zip!/jdk.incubator.vector" type="simple" />
            <root url="jar://D:/Software/Java/jdk-21/lib/src.zip!/jdk.internal.jvmstat" type="simple" />
            <root url="jar://D:/Software/Java/jdk-21/lib/src.zip!/jdk.management.agent" type="simple" />
            <root url="jar://D:/Software/Java/jdk-21/lib/src.zip!/jdk.unsupported.desktop" type="simple" />
            <root url="jar://D:/Software/Java/jdk-21/lib/src.zip!/jdk.internal.vm.compiler" type="simple" />
            <root url="jar://D:/Software/Java/jdk-21/lib/src.zip!/jdk.internal.vm.compiler.management" type="simple" />
          </root>
        </sourcePath>
      </roots>
      <additional />
    </jdk>
    <jdk version="2">
      <name value="14" />
      <type value="JavaSDK" />
      <version value="Oracle OpenJDK version 14.0.2" />
      <homePath value="D:/Software/Java/jdk-14.0.2" />
      <roots>
        <annotationsPath>
          <root type="composite">
            <root url="jar://$APPLICATION_HOME_DIR$/plugins/java/lib/resources/jdkAnnotations.jar!/" type="simple" />
          </root>
        </annotationsPath>
        <classPath>
          <root type="composite">
            <root url="jrt://D:/Software/Java/jdk-14.0.2!/java.base" type="simple" />
            <root url="jrt://D:/Software/Java/jdk-14.0.2!/java.compiler" type="simple" />
            <root url="jrt://D:/Software/Java/jdk-14.0.2!/java.datatransfer" type="simple" />
            <root url="jrt://D:/Software/Java/jdk-14.0.2!/java.desktop" type="simple" />
            <root url="jrt://D:/Software/Java/jdk-14.0.2!/java.instrument" type="simple" />
            <root url="jrt://D:/Software/Java/jdk-14.0.2!/java.logging" type="simple" />
            <root url="jrt://D:/Software/Java/jdk-14.0.2!/java.management" type="simple" />
            <root url="jrt://D:/Software/Java/jdk-14.0.2!/java.management.rmi" type="simple" />
            <root url="jrt://D:/Software/Java/jdk-14.0.2!/java.naming" type="simple" />
            <root url="jrt://D:/Software/Java/jdk-14.0.2!/java.net.http" type="simple" />
            <root url="jrt://D:/Software/Java/jdk-14.0.2!/java.prefs" type="simple" />
            <root url="jrt://D:/Software/Java/jdk-14.0.2!/java.rmi" type="simple" />
            <root url="jrt://D:/Software/Java/jdk-14.0.2!/java.scripting" type="simple" />
            <root url="jrt://D:/Software/Java/jdk-14.0.2!/java.se" type="simple" />
            <root url="jrt://D:/Software/Java/jdk-14.0.2!/java.security.jgss" type="simple" />
            <root url="jrt://D:/Software/Java/jdk-14.0.2!/java.security.sasl" type="simple" />
            <root url="jrt://D:/Software/Java/jdk-14.0.2!/java.smartcardio" type="simple" />
            <root url="jrt://D:/Software/Java/jdk-14.0.2!/java.sql" type="simple" />
            <root url="jrt://D:/Software/Java/jdk-14.0.2!/java.sql.rowset" type="simple" />
            <root url="jrt://D:/Software/Java/jdk-14.0.2!/java.transaction.xa" type="simple" />
            <root url="jrt://D:/Software/Java/jdk-14.0.2!/java.xml" type="simple" />
            <root url="jrt://D:/Software/Java/jdk-14.0.2!/java.xml.crypto" type="simple" />
            <root url="jrt://D:/Software/Java/jdk-14.0.2!/jdk.accessibility" type="simple" />
            <root url="jrt://D:/Software/Java/jdk-14.0.2!/jdk.aot" type="simple" />
            <root url="jrt://D:/Software/Java/jdk-14.0.2!/jdk.attach" type="simple" />
            <root url="jrt://D:/Software/Java/jdk-14.0.2!/jdk.charsets" type="simple" />
            <root url="jrt://D:/Software/Java/jdk-14.0.2!/jdk.compiler" type="simple" />
            <root url="jrt://D:/Software/Java/jdk-14.0.2!/jdk.crypto.cryptoki" type="simple" />
            <root url="jrt://D:/Software/Java/jdk-14.0.2!/jdk.crypto.ec" type="simple" />
            <root url="jrt://D:/Software/Java/jdk-14.0.2!/jdk.crypto.mscapi" type="simple" />
            <root url="jrt://D:/Software/Java/jdk-14.0.2!/jdk.dynalink" type="simple" />
            <root url="jrt://D:/Software/Java/jdk-14.0.2!/jdk.editpad" type="simple" />
            <root url="jrt://D:/Software/Java/jdk-14.0.2!/jdk.hotspot.agent" type="simple" />
            <root url="jrt://D:/Software/Java/jdk-14.0.2!/jdk.httpserver" type="simple" />
            <root url="jrt://D:/Software/Java/jdk-14.0.2!/jdk.incubator.foreign" type="simple" />
            <root url="jrt://D:/Software/Java/jdk-14.0.2!/jdk.incubator.jpackage" type="simple" />
            <root url="jrt://D:/Software/Java/jdk-14.0.2!/jdk.internal.ed" type="simple" />
            <root url="jrt://D:/Software/Java/jdk-14.0.2!/jdk.internal.jvmstat" type="simple" />
            <root url="jrt://D:/Software/Java/jdk-14.0.2!/jdk.internal.le" type="simple" />
            <root url="jrt://D:/Software/Java/jdk-14.0.2!/jdk.internal.opt" type="simple" />
            <root url="jrt://D:/Software/Java/jdk-14.0.2!/jdk.internal.vm.ci" type="simple" />
            <root url="jrt://D:/Software/Java/jdk-14.0.2!/jdk.internal.vm.compiler" type="simple" />
            <root url="jrt://D:/Software/Java/jdk-14.0.2!/jdk.internal.vm.compiler.management" type="simple" />
            <root url="jrt://D:/Software/Java/jdk-14.0.2!/jdk.jartool" type="simple" />
            <root url="jrt://D:/Software/Java/jdk-14.0.2!/jdk.javadoc" type="simple" />
            <root url="jrt://D:/Software/Java/jdk-14.0.2!/jdk.jcmd" type="simple" />
            <root url="jrt://D:/Software/Java/jdk-14.0.2!/jdk.jconsole" type="simple" />
            <root url="jrt://D:/Software/Java/jdk-14.0.2!/jdk.jdeps" type="simple" />
            <root url="jrt://D:/Software/Java/jdk-14.0.2!/jdk.jdi" type="simple" />
            <root url="jrt://D:/Software/Java/jdk-14.0.2!/jdk.jdwp.agent" type="simple" />
            <root url="jrt://D:/Software/Java/jdk-14.0.2!/jdk.jfr" type="simple" />
            <root url="jrt://D:/Software/Java/jdk-14.0.2!/jdk.jlink" type="simple" />
            <root url="jrt://D:/Software/Java/jdk-14.0.2!/jdk.jshell" type="simple" />
            <root url="jrt://D:/Software/Java/jdk-14.0.2!/jdk.jsobject" type="simple" />
            <root url="jrt://D:/Software/Java/jdk-14.0.2!/jdk.jstatd" type="simple" />
            <root url="jrt://D:/Software/Java/jdk-14.0.2!/jdk.localedata" type="simple" />
            <root url="jrt://D:/Software/Java/jdk-14.0.2!/jdk.management" type="simple" />
            <root url="jrt://D:/Software/Java/jdk-14.0.2!/jdk.management.agent" type="simple" />
            <root url="jrt://D:/Software/Java/jdk-14.0.2!/jdk.management.jfr" type="simple" />
            <root url="jrt://D:/Software/Java/jdk-14.0.2!/jdk.naming.dns" type="simple" />
            <root url="jrt://D:/Software/Java/jdk-14.0.2!/jdk.naming.rmi" type="simple" />
            <root url="jrt://D:/Software/Java/jdk-14.0.2!/jdk.net" type="simple" />
            <root url="jrt://D:/Software/Java/jdk-14.0.2!/jdk.nio.mapmode" type="simple" />
            <root url="jrt://D:/Software/Java/jdk-14.0.2!/jdk.rmic" type="simple" />
            <root url="jrt://D:/Software/Java/jdk-14.0.2!/jdk.scripting.nashorn" type="simple" />
            <root url="jrt://D:/Software/Java/jdk-14.0.2!/jdk.scripting.nashorn.shell" type="simple" />
            <root url="jrt://D:/Software/Java/jdk-14.0.2!/jdk.sctp" type="simple" />
            <root url="jrt://D:/Software/Java/jdk-14.0.2!/jdk.security.auth" type="simple" />
            <root url="jrt://D:/Software/Java/jdk-14.0.2!/jdk.security.jgss" type="simple" />
            <root url="jrt://D:/Software/Java/jdk-14.0.2!/jdk.unsupported" type="simple" />
            <root url="jrt://D:/Software/Java/jdk-14.0.2!/jdk.unsupported.desktop" type="simple" />
            <root url="jrt://D:/Software/Java/jdk-14.0.2!/jdk.xml.dom" type="simple" />
            <root url="jrt://D:/Software/Java/jdk-14.0.2!/jdk.zipfs" type="simple" />
          </root>
        </classPath>
        <javadocPath>
          <root type="composite" />
        </javadocPath>
        <sourcePath>
          <root type="composite">
            <root url="jar://D:/Software/Java/jdk-14.0.2/lib/src.zip!/java.se" type="simple" />
            <root url="jar://D:/Software/Java/jdk-14.0.2/lib/src.zip!/jdk.aot" type="simple" />
            <root url="jar://D:/Software/Java/jdk-14.0.2/lib/src.zip!/jdk.jdi" type="simple" />
            <root url="jar://D:/Software/Java/jdk-14.0.2/lib/src.zip!/jdk.jfr" type="simple" />
            <root url="jar://D:/Software/Java/jdk-14.0.2/lib/src.zip!/jdk.net" type="simple" />
            <root url="jar://D:/Software/Java/jdk-14.0.2/lib/src.zip!/java.rmi" type="simple" />
            <root url="jar://D:/Software/Java/jdk-14.0.2/lib/src.zip!/java.sql" type="simple" />
            <root url="jar://D:/Software/Java/jdk-14.0.2/lib/src.zip!/java.xml" type="simple" />
            <root url="jar://D:/Software/Java/jdk-14.0.2/lib/src.zip!/jdk.jcmd" type="simple" />
            <root url="jar://D:/Software/Java/jdk-14.0.2/lib/src.zip!/jdk.rmic" type="simple" />
            <root url="jar://D:/Software/Java/jdk-14.0.2/lib/src.zip!/jdk.sctp" type="simple" />
            <root url="jar://D:/Software/Java/jdk-14.0.2/lib/src.zip!/java.base" type="simple" />
            <root url="jar://D:/Software/Java/jdk-14.0.2/lib/src.zip!/jdk.jdeps" type="simple" />
            <root url="jar://D:/Software/Java/jdk-14.0.2/lib/src.zip!/jdk.jlink" type="simple" />
            <root url="jar://D:/Software/Java/jdk-14.0.2/lib/src.zip!/jdk.zipfs" type="simple" />
            <root url="jar://D:/Software/Java/jdk-14.0.2/lib/src.zip!/java.prefs" type="simple" />
            <root url="jar://D:/Software/Java/jdk-14.0.2/lib/src.zip!/jdk.attach" type="simple" />
            <root url="jar://D:/Software/Java/jdk-14.0.2/lib/src.zip!/jdk.jshell" type="simple" />
            <root url="jar://D:/Software/Java/jdk-14.0.2/lib/src.zip!/jdk.jstatd" type="simple" />
            <root url="jar://D:/Software/Java/jdk-14.0.2/lib/src.zip!/java.naming" type="simple" />
            <root url="jar://D:/Software/Java/jdk-14.0.2/lib/src.zip!/jdk.editpad" type="simple" />
            <root url="jar://D:/Software/Java/jdk-14.0.2/lib/src.zip!/jdk.jartool" type="simple" />
            <root url="jar://D:/Software/Java/jdk-14.0.2/lib/src.zip!/jdk.javadoc" type="simple" />
            <root url="jar://D:/Software/Java/jdk-14.0.2/lib/src.zip!/jdk.xml.dom" type="simple" />
            <root url="jar://D:/Software/Java/jdk-14.0.2/lib/src.zip!/java.desktop" type="simple" />
            <root url="jar://D:/Software/Java/jdk-14.0.2/lib/src.zip!/java.logging" type="simple" />
            <root url="jar://D:/Software/Java/jdk-14.0.2/lib/src.zip!/jdk.charsets" type="simple" />
            <root url="jar://D:/Software/Java/jdk-14.0.2/lib/src.zip!/jdk.compiler" type="simple" />
            <root url="jar://D:/Software/Java/jdk-14.0.2/lib/src.zip!/jdk.dynalink" type="simple" />
            <root url="jar://D:/Software/Java/jdk-14.0.2/lib/src.zip!/jdk.jconsole" type="simple" />
            <root url="jar://D:/Software/Java/jdk-14.0.2/lib/src.zip!/jdk.jsobject" type="simple" />
            <root url="jar://D:/Software/Java/jdk-14.0.2/lib/src.zip!/java.compiler" type="simple" />
            <root url="jar://D:/Software/Java/jdk-14.0.2/lib/src.zip!/java.net.http" type="simple" />
            <root url="jar://D:/Software/Java/jdk-14.0.2/lib/src.zip!/jdk.crypto.ec" type="simple" />
            <root url="jar://D:/Software/Java/jdk-14.0.2/lib/src.zip!/java.scripting" type="simple" />
            <root url="jar://D:/Software/Java/jdk-14.0.2/lib/src.zip!/jdk.httpserver" type="simple" />
            <root url="jar://D:/Software/Java/jdk-14.0.2/lib/src.zip!/jdk.jdwp.agent" type="simple" />
            <root url="jar://D:/Software/Java/jdk-14.0.2/lib/src.zip!/jdk.localedata" type="simple" />
            <root url="jar://D:/Software/Java/jdk-14.0.2/lib/src.zip!/jdk.management" type="simple" />
            <root url="jar://D:/Software/Java/jdk-14.0.2/lib/src.zip!/jdk.naming.dns" type="simple" />
            <root url="jar://D:/Software/Java/jdk-14.0.2/lib/src.zip!/jdk.naming.rmi" type="simple" />
            <root url="jar://D:/Software/Java/jdk-14.0.2/lib/src.zip!/java.instrument" type="simple" />
            <root url="jar://D:/Software/Java/jdk-14.0.2/lib/src.zip!/java.management" type="simple" />
            <root url="jar://D:/Software/Java/jdk-14.0.2/lib/src.zip!/java.sql.rowset" type="simple" />
            <root url="jar://D:/Software/Java/jdk-14.0.2/lib/src.zip!/java.xml.crypto" type="simple" />
            <root url="jar://D:/Software/Java/jdk-14.0.2/lib/src.zip!/jdk.internal.ed" type="simple" />
            <root url="jar://D:/Software/Java/jdk-14.0.2/lib/src.zip!/jdk.internal.le" type="simple" />
            <root url="jar://D:/Software/Java/jdk-14.0.2/lib/src.zip!/jdk.nio.mapmode" type="simple" />
            <root url="jar://D:/Software/Java/jdk-14.0.2/lib/src.zip!/jdk.unsupported" type="simple" />
            <root url="jar://D:/Software/Java/jdk-14.0.2/lib/src.zip!/java.smartcardio" type="simple" />
            <root url="jar://D:/Software/Java/jdk-14.0.2/lib/src.zip!/jdk.internal.opt" type="simple" />
            <root url="jar://D:/Software/Java/jdk-14.0.2/lib/src.zip!/java.datatransfer" type="simple" />
            <root url="jar://D:/Software/Java/jdk-14.0.2/lib/src.zip!/jdk.accessibility" type="simple" />
            <root url="jar://D:/Software/Java/jdk-14.0.2/lib/src.zip!/jdk.crypto.mscapi" type="simple" />
            <root url="jar://D:/Software/Java/jdk-14.0.2/lib/src.zip!/jdk.hotspot.agent" type="simple" />
            <root url="jar://D:/Software/Java/jdk-14.0.2/lib/src.zip!/jdk.security.auth" type="simple" />
            <root url="jar://D:/Software/Java/jdk-14.0.2/lib/src.zip!/jdk.security.jgss" type="simple" />
            <root url="jar://D:/Software/Java/jdk-14.0.2/lib/src.zip!/java.security.jgss" type="simple" />
            <root url="jar://D:/Software/Java/jdk-14.0.2/lib/src.zip!/java.security.sasl" type="simple" />
            <root url="jar://D:/Software/Java/jdk-14.0.2/lib/src.zip!/jdk.internal.vm.ci" type="simple" />
            <root url="jar://D:/Software/Java/jdk-14.0.2/lib/src.zip!/jdk.management.jfr" type="simple" />
            <root url="jar://D:/Software/Java/jdk-14.0.2/lib/src.zip!/java.management.rmi" type="simple" />
            <root url="jar://D:/Software/Java/jdk-14.0.2/lib/src.zip!/java.transaction.xa" type="simple" />
            <root url="jar://D:/Software/Java/jdk-14.0.2/lib/src.zip!/jdk.crypto.cryptoki" type="simple" />
            <root url="jar://D:/Software/Java/jdk-14.0.2/lib/src.zip!/jdk.internal.jvmstat" type="simple" />
            <root url="jar://D:/Software/Java/jdk-14.0.2/lib/src.zip!/jdk.management.agent" type="simple" />
            <root url="jar://D:/Software/Java/jdk-14.0.2/lib/src.zip!/jdk.incubator.foreign" type="simple" />
            <root url="jar://D:/Software/Java/jdk-14.0.2/lib/src.zip!/jdk.scripting.nashorn" type="simple" />
            <root url="jar://D:/Software/Java/jdk-14.0.2/lib/src.zip!/jdk.incubator.jpackage" type="simple" />
            <root url="jar://D:/Software/Java/jdk-14.0.2/lib/src.zip!/jdk.unsupported.desktop" type="simple" />
            <root url="jar://D:/Software/Java/jdk-14.0.2/lib/src.zip!/jdk.internal.vm.compiler" type="simple" />
            <root url="jar://D:/Software/Java/jdk-14.0.2/lib/src.zip!/jdk.scripting.nashorn.shell" type="simple" />
            <root url="jar://D:/Software/Java/jdk-14.0.2/lib/src.zip!/jdk.internal.vm.compiler.management" type="simple" />
          </root>
        </sourcePath>
      </roots>
      <additional />
    </jdk>
    <jdk version="2">
      <name value="Android API 35, extension level 13 Platform" />
      <type value="Android SDK" />
      <homePath value="D:/Software/Android/Sdk" />
      <roots>
        <annotationsPath>
          <root type="composite">
            <root url="jar://D:/Software/Android/Sdk/platforms/android-35/data/annotations.zip!/" type="simple" />
          </root>
        </annotationsPath>
        <classPath>
          <root type="composite">
            <root url="jar://D:/Software/Android/Sdk/platforms/android-35/android.jar!/" type="simple" />
            <root url="file://D:/Software/Android/Sdk/platforms/android-35/data/res" type="simple" />
          </root>
        </classPath>
        <javadocPath>
          <root type="composite" />
        </javadocPath>
        <sourcePath>
          <root type="composite">
            <root url="file://D:/Software/Android/Sdk/sources/android-35" type="simple" />
          </root>
        </sourcePath>
      </roots>
      <additional sdk="android-35" />
    </jdk>
    <jdk version="2">
      <name value="Android API 29 Platform" />
      <type value="Android SDK" />
      <homePath value="D:/Software/Android/Sdk" />
      <roots>
        <annotationsPath>
          <root type="composite">
            <root url="jar://D:/Software/Android/Sdk/platforms/android-35/data/annotations.zip!/" type="simple" />
          </root>
        </annotationsPath>
        <classPath>
          <root type="composite">
            <root url="jar://D:/Software/Android/Sdk/platforms/android-35/android.jar!/" type="simple" />
            <root url="file://D:/Software/Android/Sdk/platforms/android-35/data/res" type="simple" />
          </root>
        </classPath>
        <javadocPath>
          <root type="composite" />
        </javadocPath>
        <sourcePath>
          <root type="composite">
            <root url="file://D:/Software/Android/Sdk/sources/android-35" type="simple" />
          </root>
        </sourcePath>
      </roots>
      <additional sdk="android-35" />
    </jdk>
  </component>
</application>