<application>
  <component name="ProjectManager">
    <defaultProject>
      <component name="GradleLocalSettings">
        <option name="myGradleUserHome" value="$MAVEN_REPOSITORY$" />
      </component>
      <component name="MavenImportPreferences">
        <option name="generalSettings">
          <MavenGeneralSettings>
            <option name="customMavenHome" value="E:\Maven\apache-maven-3.8.3" />
            <option name="localRepository" value="E:\Maven\repository" />
            <option name="mavenHomeTypeForPersistence" value="CUSTOM" />
            <option name="userSettingsFile" value="E:\Maven\apache-maven-3.8.3\conf\settings.xml" />
          </MavenGeneralSettings>
        </option>
      </component>
      <component name="PropertiesComponent"><![CDATA[{
  "keyToString": {
    "last_opened_file_path": "E:/Maven/repository",
    "settings.editor.selected.configurable": "reference.settingsdialog.project.gradle"
  }
}]]></component>
      <component name="TaskManager">
        <task active="true" id="Default" summary="Default task">
          <created>1712798688674</created>
          <option name="number" value="Default" />
          <option name="presentableId" value="Default" />
          <updated>1712798688674</updated>
          <workItem from="1712798862710" duration="333000" />
        </task>
        <servers />
      </component>
      <component name="TimeTrackingManager">
        <option name="totallyTimeSpent" value="333000" />
      </component>
      <component name="WindowStateProjectService">
        <state x="287" y="236" key="FileChooserDialogImpl" timestamp="1712798736587">
          <screen x="0" y="0" width="1920" height="1032" />
        </state>
        <state x="287" y="236" key="FileChooserDialogImpl/0.0.1920.1032" timestamp="1712798736587" />
        <state x="453" y="152" key="SettingsEditor" timestamp="1712798742119">
          <screen x="0" y="0" width="1920" height="1032" />
        </state>
        <state x="453" y="152" key="SettingsEditor/0.0.1920.1032" timestamp="1712798742119" />
      </component>
    </defaultProject>
  </component>
</application>