<application>
  <component name="Trusted.Paths">
    <option name="TRUSTED_PROJECT_PATHS">
      <map>
        <entry key="E:\Desktop\18-comic-finder-master" value="true" />
        <entry key="E:\Desktop\Amber\APK\第二阶段\20190918" value="true" />
        <entry key="E:\Desktop\algs4" value="true" />
        <entry key="E:\Desktop\demo" value="true" />
        <entry key="E:\Desktop\hello" value="true" />
        <entry key="E:\Desktop\hello-world" value="true" />
        <entry key="E:\Desktop\hello\hello" value="true" />
        <entry key="E:\Desktop\hello_world" value="true" />
        <entry key="E:\Desktop\javamtia" value="true" />
        <entry key="E:\Docker\demo" value="true" />
        <entry key="E:\Flutter\hello" value="true" />
        <entry key="E:\GitHub\config" value="true" />
        <entry key="E:\GitHub\epublib" value="true" />
        <entry key="E:\GitHub\epublib\epublib-parent" value="true" />
        <entry key="E:\GitHub\epublib\epublib-tools" value="true" />
        <entry key="E:\IDEA Plugin\cobalt" value="true" />
        <entry key="E:\Java\InsatllMaven" value="true" />
        <entry key="E:\Java\LiAo-Module" value="true" />
        <entry key="E:\Java\RuoYi-Vue" value="true" />
        <entry key="E:\Java\rabbit-foot" value="true" />
        <entry key="E:\Java\tool_learning\epublib-test" value="true" />
        <entry key="E:\Java\tool_learning\ly\iot-engine" value="true" />
        <entry key="E:\Java\tool_learning\my-spring-boot-starter" value="true" />
        <entry key="E:\Java\tool_learning\spring-boot-apollo" value="true" />
        <entry key="E:\Java\tool_learning\spring-boot-apollo\spring-boot-apollo-demo" value="true" />
        <entry key="E:\Java\tool_learning\spring-boot-docker" value="true" />
        <entry key="E:\Java\tool_learning\spring-boot-webflux" value="true" />
        <entry key="E:\Java\tool_learning\spring-cloud-gray-example" value="true" />
        <entry key="E:\Java\tool_learning\spring-data-jpa-demo" value="true" />
      </map>
    </option>
  </component>
  <component name="Trusted.Paths.Settings">
    <option name="TRUSTED_PATHS">
      <list>
        <option value="E:\Java" />
        <option value="E:\GitHub" />
        <option value="E:\Desktop" />
        <option value="E:\Flutter" />
      </list>
    </option>
  </component>
</application>