<application>
  <component name="DimensionService">
    <location key="find.popup.0.0.1920.1080" x="699" y="127" />
    <location key="REMOTE_DEVELOPMENT_CONNECTION.0.0.1920.1080" x="552" y="170" />
    <size key="GridCell.Tab.0.left.0.0.1920.1080" width="1848" height="455" />
    <size key="GridCell.Tab.0.center.0.0.1920.1080" width="1848" height="455" />
    <size key="GridCell.Tab.0.right.0.0.1920.1080" width="1848" height="455" />
    <size key="GridCell.Tab.0.bottom.0.0.1920.1080" width="1848" height="455" />
    <size key="GridCell.Tab.1.left.0.0.1920.1080" width="1848" height="455" />
    <size key="GridCell.Tab.1.center.0.0.1920.1080" width="1848" height="455" />
    <size key="GridCell.Tab.1.right.0.0.1920.1080" width="1848" height="455" />
    <size key="GridCell.Tab.1.bottom.0.0.1920.1080" width="1848" height="455" />
    <size key="find.popup.0.0.1920.1080" width="655" height="532" />
    <size key="REMOTE_DEVELOPMENT_CONNECTION.0.0.1920.1080" width="816" height="691" />
    <size key="GridCell.Tab.2.left.0.0.1920.1080" width="1565" height="307" />
    <size key="GridCell.Tab.2.center.0.0.1920.1080" width="1565" height="307" />
    <size key="GridCell.Tab.2.right.0.0.1920.1080" width="1565" height="307" />
    <size key="GridCell.Tab.2.bottom.0.0.1920.1080" width="1565" height="307" />
    <size key="documentation.popup.size.0.0.1920.1080" width="453" height="279" />
  </component>
  <component name="WindowManager">
    <frame x="-8" y="0" width="1930" height="1042" />
  </component>
  <component name="WindowStateApplicationService">
    <state x="740" y="199" key="FileChooserDialogImpl.ideScale=110" timestamp="1724909790069">
      <screen x="0" y="0" width="1920" height="1032" />
    </state>
    <state x="740" y="199" key="FileChooserDialogImpl.ideScale=110/0.0.1920.1032" timestamp="1724909790069" />
    <state x="540" y="249" key="IDE.errors.dialog.ideScale=110" timestamp="1725265525229">
      <screen x="0" y="0" width="1920" height="1032" />
    </state>
    <state x="540" y="249" key="IDE.errors.dialog.ideScale=110/0.0.1920.1032" timestamp="1725265525229" />
    <state width="551" height="96" key="ShowUsagesActions.dimensionServiceKey.ideScale=110" timestamp="1724032112977">
      <screen x="0" y="0" width="1920" height="1032" />
    </state>
    <state width="551" height="96" key="ShowUsagesActions.dimensionServiceKey.ideScale=110/0.0.1920.1032" timestamp="1724032112977" />
    <state x="960" y="452" width="800" height="650" key="WELCOME_SCREEN.ideScale=110" timestamp="1726108989000">
      <screen x="0" y="0" width="1920" height="1032" />
    </state>
    <state x="960" y="452" width="800" height="650" key="WELCOME_SCREEN.ideScale=110/0.0.1920.1032" timestamp="1726108989000" />
    <state x="560" y="113" width="969" height="717" key="new project wizard.ideScale=110" timestamp="1724648387002">
      <screen x="0" y="0" width="1920" height="1032" />
    </state>
    <state x="560" y="113" width="969" height="717" key="new project wizard.ideScale=110/0.0.1920.1032" timestamp="1724648387002" />
  </component>
</application>