<application>
  <component name="Translation.Cache">
    <option name="lastTrimTime" value="1725612610611" />
  </component>
  <component name="Translation.Settings">
    <option name="aliTranslateSettings">
      <app-key>
        <option name="appId" value="LTAI5tC4uuFtyoEeAtMaJs4b" />
      </app-key>
    </option>
    <option name="primaryLanguage" value="CHINESE" />
    <option name="translator" value="ALI" />
  </component>
  <component name="Translation.States">
    <option name="translationDialogHeight" value="260" />
    <option name="translationDialogLocationX" value="659" />
    <option name="translationDialogLocationY" value="390" />
    <histories>
      <item value="Copyright 2002-2022, Robert Sedgewick and Kevin Wayne. This file is part of algs4.jar, which accompanies the textbook Algorithms, 4th edition by Robert Sedgewick and Kevin Wayne, Addison-Wesley Professional, 2011, ISBN 0-321-57351-X. http:algs4.cs.princeton.edu algs4.jar is free software: you can redistribute it andor modify it under the terms of the GNU General Public License as published by the Free Software Foundation, either version 3 of the License, or (at your option) any later version. algs4.jar is distributed in the hope that it will be useful, but WITHOUT ANY WARRANTY; without even the implied warranty of MERCHANTABILITY or FITNESS FOR A PARTICULAR PURPOSE. See the GNU General Public License for more details. You should have received a copy of the GNU General Public License along with algs4.jar. If not, see http:www.gnu.orglicenses." />
      <item value="full screen" />
      <item value="scroll to current position" />
      <item value="display page" />
      <item value="create J editor pane" />
      <item value="init book" />
      <item value="scroll pane" />
      <item value="right split pane" />
      <item value="left split pane" />
      <item value="Displays a page" />
      <item value="increase time" />
      <item value="bed src" />
      <item value="down decrease" />
      <item value="distance factor" />
      <item value="bottom list" />
      <item value="notify utils" />
      <item value="load game" />
      <item value="TAG ONE" />
      <item value="TAG FOUR" />
      <item value="GAMEOVER MS" />
      <item value="STAGE LEFT" />
      <item value="STAGE BOTTOM" />
      <item value="initialize the imageLoader for the specific document" />
    </histories>
    <option name="languageScores">
      <map>
        <entry key="ENGLISH" value="1" />
      </map>
    </option>
  </component>
</application>