<application>
  <component name="MavenWrapperMapping">
    <option name="mapping">
      <map>
        <entry key="https://repo.maven.apache.org/maven2/org/apache/maven/apache-maven/3.9.6/apache-maven-3.9.6-bin.zip" value="C:\Users\LiAo\.m2\wrapper\dists\apache-maven-3.9.6-bin\439sdfsg2nbdob9ciift5h5nse\apache-maven-3.9.6" />
        <entry key="https://repo.maven.apache.org/maven2/org/apache/maven/apache-maven/3.9.7/apache-maven-3.9.7-bin.zip" value="C:\Users\LiAo\.m2\wrapper\dists\apache-maven-3.9.7-bin\3k9n615lchs6mp84v355m633uo\apache-maven-3.9.7" />
      </map>
    </option>
  </component>
</application>